Date,Children apprehended and placed in CBP custody*,Children in CBP custody,Children transferred out of CBP custody,Children in HHS Care,Children discharged from HHS Care,Transfer_Efficiency,Discharge_Effectiveness,Throughput,Backlog,outcome_stability
2023-01-12,33.0,53.0,34.0,6566.0,436.0,0.6415094339622641,0.06640268047517514,13.212121212121213,6130.0,0.0
2023-01-22,32.0,49.0,39.0,7122.0,227.0,0.7959183673469388,0.031873069362538614,7.09375,6895.0,0.0
2023-01-23,32.0,50.0,39.0,7280.0,181.0,0.78,0.02486263736263736,5.65625,7099.0,0.0
2023-01-24,47.0,42.0,47.0,7433.0,175.0,1.119047619047619,0.023543656666218216,3.723404255319149,7258.0,0.0
2023-01-25,20.0,22.0,41.0,7538.0,180.0,1.8636363636363635,0.02387901300079597,9.0,7358.0,0.0
2023-01-29,23.0,45.0,11.0,7472.0,303.0,0.24444444444444444,0.04055139186295503,13.173913043478262,7169.0,0.0
2023-01-30,34.0,54.0,29.0,7743.0,196.0,0.5370370370370371,0.025313186103577426,5.764705882352941,7547.0,96.39304460187492
2023-01-31,26.0,36.0,36.0,7803.0,158.0,1.0,0.020248622324746893,6.076923076923077,7645.0,49.0694357396692
2023-02-01,25.0,32.0,27.0,7903.0,231.0,0.84375,0.029229406554472984,9.24,7672.0,49.41948719165058
2023-02-02,15.0,13.0,23.0,7879.0,298.0,1.7692307692307692,0.03782205863688285,19.866666666666667,7581.0,59.35606841042336
2023-02-05,16.0,18.0,15.0,7586.0,342.0,0.8333333333333334,0.04508304771948326,21.375,7244.0,70.67059737495738
2023-02-06,11.0,22.0,12.0,7720.0,196.0,0.5454545454545454,0.02538860103626943,17.818181818181817,7524.0,68.48044559267579
2023-02-07,16.0,20.0,20.0,7855.0,200.0,1.0,0.025461489497135583,12.5,7655.0,65.25298752511169
2023-02-08,93.0,196.0,169.0,7915.0,317.0,0.8622448979591837,0.04005053695514845,3.4086021505376345,7598.0,70.10570250564159
2023-02-09,124.0,234.0,161.0,7908.0,353.0,0.688034188034188,0.044638340920586744,2.846774193548387,7555.0,66.64261470889396
2023-02-12,92.0,203.0,173.0,7434.0,317.0,0.8522167487684729,0.042641915523271456,3.4456521739130435,7117.0,64.70960773589441
2023-02-13,186.0,259.0,172.0,7483.0,244.0,0.6640926640926641,0.03260724308432447,1.3118279569892473,7239.0,66.64761632575284
2023-02-14,154.0,225.0,220.0,7794.0,223.0,0.9777777777777777,0.02861175263022838,1.448051948051948,7571.0,63.69121939931299
2023-02-15,91.0,199.0,172.0,7869.0,290.0,0.864321608040201,0.036853475663997964,3.1868131868131866,7579.0,56.38473282049041
2023-02-16,81.0,213.0,153.0,7793.0,361.0,0.7183098591549296,0.046323623764917235,4.45679012345679,7432.0,52.07275130595097
2023-02-20,209.0,285.0,184.0,7817.0,209.0,0.6456140350877193,0.02673659971856211,1.0,7608.0,61.575737336806775
2023-02-21,184.0,314.0,217.0,7967.0,213.0,0.6910828025477707,0.02673528304255052,1.1576086956521738,7754.0,58.57961615247596
2023-02-22,107.0,215.0,230.0,7978.0,232.0,1.069767441860465,0.029079969917272498,2.1682242990654204,7746.0,54.758343569507154
2023-02-23,101.0,162.0,178.0,7914.0,386.0,1.0987654320987654,0.04877432398281526,3.8217821782178216,7528.0,73.79895469642986
2023-02-26,99.0,190.0,176.0,7609.0,323.0,0.9263157894736842,0.04244973058220528,3.2626262626262625,7286.0,72.06875024519817
2023-02-27,167.0,239.0,166.0,7800.0,248.0,0.694560669456067,0.031794871794871796,1.4850299401197604,7552.0,73.57924137897015
2023-02-28,115.0,216.0,169.0,7896.0,200.0,0.7824074074074074,0.025329280648429583,1.7391304347826086,7696.0,69.72736021035614
2023-03-01,84.0,158.0,193.0,7930.0,307.0,1.2215189873417722,0.03871374527112232,3.6547619047619047,7623.0,67.89627944081143
2023-03-02,130.0,227.0,192.0,7870.0,335.0,0.8458149779735683,0.042566709021601014,2.576923076923077,7535.0,65.63390529146893
2023-03-07,88.0,214.0,160.0,7859.0,259.0,0.7476635514018691,0.03295584679984731,2.9431818181818183,7600.0,62.359174679165335
2023-03-08,113.0,208.0,159.0,7885.0,291.0,0.7644230769230769,0.03690551680405834,2.575221238938053,7594.0,47.58801369692832
2023-03-09,174.0,285.0,150.0,7786.0,340.0,0.5263157894736842,0.043668122270742356,1.9540229885057472,7446.0,50.46922683321834
2023-03-13,104.0,230.0,206.0,7567.0,249.0,0.8956521739130435,0.032906039381525046,2.394230769230769,7318.0,50.35540354983421
2023-03-14,147.0,276.0,214.0,7810.0,181.0,0.7753623188405797,0.023175416133162614,1.2312925170068028,7629.0,55.793411456055914
2023-03-15,108.0,220.0,213.0,7915.0,286.0,0.9681818181818181,0.0361339229311434,2.6481481481481484,7629.0,54.67087672522502
2023-03-16,180.0,280.0,146.0,7989.0,308.0,0.5214285714285715,0.03855301038928527,1.711111111111111,7681.0,50.730849072522304
2023-03-19,134.0,294.0,186.0,7885.0,306.0,0.6326530612244898,0.03880786303107166,2.283582089552239,7579.0,51.605647531475135
2023-03-20,202.0,313.0,158.0,7931.0,279.0,0.5047923322683706,0.03517841381919052,1.381188118811881,7652.0,51.38371059281047
2023-03-21,110.0,272.0,193.0,8050.0,221.0,0.7095588235294118,0.02745341614906832,2.0090909090909093,7829.0,47.12698145385903
2023-03-22,166.0,277.0,229.0,8097.0,246.0,0.8267148014440433,0.030381622823267878,1.4819277108433735,7851.0,47.27226106996215
2023-03-23,136.0,276.0,178.0,8102.0,331.0,0.644927536231884,0.040854110096272524,2.4338235294117645,7771.0,38.06510713176001
2023-03-26,87.0,246.0,173.0,7847.0,352.0,0.7032520325203252,0.04485790748056582,4.045977011494253,7495.0,46.36603847439963
2023-03-27,84.0,171.0,157.0,7994.0,235.0,0.9181286549707602,0.02939704778583938,2.7976190476190474,7759.0,50.18252399277762
2023-03-28,167.0,209.0,157.0,8079.0,223.0,0.7511961722488039,0.02760242604282708,1.3353293413173652,7856.0,53.12832622640242
2023-03-29,109.0,245.0,159.0,8208.0,267.0,0.6489795918367347,0.03252923976608187,2.44954128440367,7941.0,52.966746081632984
2023-03-30,156.0,256.0,176.0,8158.0,359.0,0.6875,0.04400588379504781,2.301282051282051,7799.0,58.05703271455606
2023-04-02,125.0,232.0,192.0,7981.0,304.0,0.8275862068965517,0.03809046485402832,2.432,7677.0,55.20395085930148
2023-04-03,118.0,139.0,168.0,8054.0,284.0,1.20863309352518,0.03526198162403774,2.406779661016949,7770.0,53.03278411017259
2023-04-04,142.0,235.0,139.0,8068.0,259.0,0.5914893617021276,0.03210213187902826,1.823943661971831,7809.0,45.820041362663346
2023-04-05,148.0,245.0,175.0,8175.0,260.0,0.7142857142857143,0.031804281345565746,1.7567567567567568,7915.0,42.991693549867314
2023-04-06,119.0,219.0,210.0,8178.0,284.0,0.958904109589041,0.0347273171924676,2.3865546218487395,7894.0,35.10664026186748
2023-04-09,105.0,210.0,149.0,7900.0,329.0,0.7095238095238096,0.04164556962025316,3.1333333333333333,7571.0,36.669696844487916
2023-04-10,143.0,203.0,163.0,7826.0,265.0,0.8029556650246306,0.03386148734985944,1.8531468531468531,7561.0,25.773740789526485
2023-04-11,119.0,209.0,152.0,7922.0,187.0,0.7272727272727273,0.023605150214592276,1.5714285714285714,7735.0,42.69827698096086
2023-04-12,155.0,212.0,181.0,7876.0,283.0,0.8537735849056604,0.035931945149822245,1.8258064516129033,7593.0,42.6329852176859
2023-04-13,109.0,214.0,173.0,7795.0,370.0,0.8084112149532711,0.04746632456703015,3.3944954128440368,7425.0,57.37844294058269
2023-04-16,191.0,283.0,192.0,7380.0,272.0,0.6784452296819788,0.03685636856368564,1.4240837696335078,7108.0,56.76769705185702
2023-04-17,170.0,297.0,196.0,7344.0,248.0,0.6599326599326599,0.03376906318082789,1.4588235294117646,7096.0,58.404990002078144
2023-04-18,152.0,272.0,214.0,7376.0,234.0,0.7867647058823529,0.03172451193058568,1.5394736842105263,7142.0,55.87145109641458
2023-04-19,239.0,367.0,224.0,7356.0,229.0,0.6103542234332425,0.0311310494834149,0.9581589958158996,7127.0,57.56404300966922
2023-04-20,113.0,280.0,237.0,7490.0,320.0,0.8464285714285714,0.042723631508678236,2.831858407079646,7170.0,50.84570497382947
2023-04-23,196.0,306.0,187.0,7534.0,266.0,0.6111111111111112,0.03530661003451022,1.3571428571428572,7268.0,51.052260805309366
2023-04-24,236.0,330.0,222.0,7796.0,213.0,0.6727272727272727,0.027321703437660338,0.902542372881356,7583.0,35.505197473314404
2023-04-25,81.0,230.0,242.0,8017.0,202.0,1.0521739130434782,0.025196457527753523,2.493827160493827,7815.0,39.42020270054923
2023-04-26,118.0,245.0,160.0,8117.0,256.0,0.6530612244897959,0.03153874584205987,2.169491525423729,7861.0,39.65145766851583
2023-04-27,218.0,283.0,208.0,8159.0,310.0,0.734982332155477,0.03799485231033215,1.4220183486238531,7849.0,45.83251081513045
2023-04-30,132.0,243.0,183.0,8352.0,293.0,0.7530864197530864,0.03508141762452107,2.2196969696969697,8059.0,45.79925139750022
2023-05-01,224.0,315.0,152.0,8492.0,237.0,0.48253968253968255,0.027908619877531796,1.0580357142857142,8255.0,39.74681778217633
2023-05-02,167.0,326.0,213.0,8654.0,245.0,0.6533742331288344,0.028310607811416685,1.467065868263473,8409.0,39.469095806840194
2023-05-03,209.0,353.0,232.0,8704.0,267.0,0.6572237960339944,0.030675551470588234,1.277511961722488,8437.0,35.95764704415992
2023-05-04,153.0,253.0,286.0,8790.0,332.0,1.1304347826086956,0.03777019340159272,2.1699346405228757,8458.0,35.437402893122865
2023-05-07,180.0,337.0,219.0,8485.0,375.0,0.6498516320474778,0.04419563936358279,2.0833333333333335,8110.0,49.39780214890976
2023-05-08,133.0,287.0,189.0,8590.0,261.0,0.6585365853658537,0.03038416763678696,1.962406015037594,8329.0,50.240848491469954
2023-05-09,187.0,310.0,247.0,8606.0,250.0,0.7967741935483871,0.029049500348594003,1.3368983957219251,8356.0,52.0032050294337
2023-05-10,168.0,285.0,210.0,8681.0,304.0,0.7368421052631579,0.03501900702684022,1.8095238095238095,8377.0,48.610208608402004
2023-05-11,269.0,412.0,204.0,8672.0,392.0,0.49514563106796117,0.045202952029520294,1.4572490706319703,8280.0,56.71818386507406
2023-05-14,100.0,255.0,236.0,8445.0,288.0,0.9254901960784314,0.03410301953818828,2.88,8157.0,54.47891684819317
2023-05-15,205.0,294.0,177.0,8571.0,277.0,0.6020408163265306,0.03231828258079571,1.351219512195122,8294.0,55.50289567735541
2023-05-16,161.0,304.0,211.0,8572.0,272.0,0.694078947368421,0.03173121791880541,1.68944099378882,8300.0,47.45172985958092
2023-05-17,57.0,162.0,193.0,8569.0,307.0,1.191358024691358,0.03582681759831952,5.385964912280702,8262.0,45.59187479824691
2023-05-18,80.0,122.0,152.0,8474.0,351.0,1.2459016393442623,0.041420816615529855,4.3875,8123.0,43.59663595584679
2023-05-21,107.0,170.0,133.0,7826.0,343.0,0.7823529411764706,0.04382826475849732,3.205607476635514,7483.0,44.73200622543488
2023-05-22,99.0,156.0,139.0,7848.0,240.0,0.8910256410256411,0.03058103975535168,2.4242424242424243,7608.0,39.763587075901924
2023-05-23,25.0,66.0,94.0,7788.0,246.0,1.4242424242424243,0.031587057010785825,9.84,7542.0,44.239607334862704
2023-05-24,35.0,70.0,53.0,7709.0,276.0,0.7571428571428571,0.0358023089894928,7.885714285714286,7433.0,44.29339411136544
2023-05-25,43.0,73.0,64.0,7546.0,408.0,0.8767123287671232,0.05406838059899284,9.488372093023257,7138.0,61.28465977558735
2023-05-29,41.0,60.0,71.0,6996.0,207.0,1.1833333333333333,0.029588336192109776,5.048780487804878,6789.0,72.72649350231892
2023-05-30,65.0,83.0,65.0,7046.0,168.0,0.7831325301204819,0.023843315356230486,2.5846153846153848,6878.0,81.91197365813757
2023-05-31,38.0,80.0,82.0,7053.0,210.0,1.025,0.029774564015312633,5.526315789473684,6843.0,77.37939925181271
2023-06-01,56.0,82.0,68.0,7002.0,287.0,0.8292682926829268,0.040988289060268496,5.125,6715.0,78.32806466577426
2023-06-04,74.0,103.0,80.0,6555.0,292.0,0.7766990291262136,0.04454614797864226,3.945945945945946,6263.0,79.13490590967635
2023-06-05,68.0,107.0,102.0,6523.0,189.0,0.9532710280373832,0.02897439828299862,2.7794117647058822,6334.0,83.63981735763805
2023-06-06,92.0,124.0,93.0,6508.0,187.0,0.75,0.028733866011063307,2.032608695652174,6321.0,49.490739874580115
2023-06-07,113.0,162.0,107.0,6483.0,208.0,0.6604938271604939,0.032083911769242635,1.8407079646017699,6275.0,49.44838578905158
2023-06-08,106.0,196.0,131.0,6446.0,255.0,0.6683673469387755,0.0395594166925225,2.4056603773584904,6191.0,44.880794492585885
2023-06-11,86.0,152.0,168.0,6007.0,238.0,1.105263157894737,0.039620442816713834,2.7674418604651163,5769.0,43.767785500514634
2023-06-12,84.0,118.0,136.0,6021.0,177.0,1.152542372881356,0.029397110114598904,2.107142857142857,5844.0,42.36912622586023
2023-06-13,59.0,64.0,117.0,6061.0,146.0,1.828125,0.024088434251773636,2.4745762711864407,5915.0,37.121422386541596
2023-06-14,62.0,97.0,52.0,6065.0,167.0,0.5360824742268041,0.027535037098103874,2.693548387096774,5898.0,39.08720409302202
2023-06-15,91.0,75.0,97.0,6038.0,272.0,1.2933333333333332,0.045048029148724744,2.989010989010989,5766.0,47.75632593350009
2023-06-19,29.0,51.0,11.0,5679.0,142.0,0.21568627450980393,0.02500440218348301,4.896551724137931,5537.0,54.08282889191737
2023-06-20,33.0,53.0,34.0,5904.0,134.0,0.6415094339622641,0.022696476964769646,4.0606060606060606,5770.0,52.734284501686425
2023-06-21,93.0,196.0,169.0,5922.0,149.0,0.8622448979591837,0.025160418777440054,1.6021505376344085,5773.0,47.53545043037983
2023-06-22,124.0,234.0,161.0,5956.0,207.0,0.688034188034188,0.03475486903962391,1.6693548387096775,5749.0,49.623343201322484
2023-06-25,92.0,203.0,173.0,5766.0,263.0,0.8522167487684729,0.0456122095039889,2.858695652173913,5503.0,57.720178859902056
2023-06-26,186.0,259.0,172.0,5819.0,174.0,0.6640926640926641,0.02990204502491837,0.9354838709677419,5645.0,57.30287119873736
2023-06-27,154.0,225.0,220.0,5917.0,155.0,0.9777777777777777,0.026195707284096672,1.0064935064935066,5762.0,45.85276644299925
2023-06-28,91.0,199.0,172.0,5999.0,174.0,0.864321608040201,0.02900483413902317,1.9120879120879122,5825.0,43.56932079210965
2023-06-29,81.0,213.0,153.0,6058.0,213.0,0.7183098591549296,0.035160118851105975,2.6296296296296298,5845.0,39.91956197870242
2023-07-02,209.0,285.0,184.0,5903.0,309.0,0.6456140350877193,0.05234626461121464,1.4784688995215312,5594.0,55.00865732730074
2023-07-04,184.0,314.0,217.0,6127.0,124.0,0.6910828025477707,0.020238289538110004,0.6739130434782609,6003.0,64.74492074213072
2023-07-05,107.0,215.0,230.0,6193.0,167.0,1.069767441860465,0.02696592927498789,1.560747663551402,6026.0,59.55949406545837
2023-07-06,101.0,162.0,178.0,6239.0,205.0,1.0987654320987654,0.03285782978041353,2.0297029702970297,6034.0,59.49749894703486
2023-07-09,99.0,190.0,176.0,6214.0,196.0,0.9263157894736842,0.03154168007724493,1.97979797979798,6018.0,57.17142143214088
2023-07-10,167.0,239.0,166.0,6346.0,163.0,0.694560669456067,0.025685471162937283,0.9760479041916168,6183.0,58.0939305083138
2023-07-11,115.0,216.0,169.0,6498.0,143.0,0.7824074074074074,0.02200677131425054,1.2434782608695651,6355.0,60.78572827485742
2023-07-12,84.0,158.0,193.0,6521.0,210.0,1.2215189873417722,0.032203649746971326,2.5,6311.0,32.55179023677652
2023-07-13,130.0,227.0,192.0,6604.0,226.0,0.8458149779735683,0.03422168382798304,1.7384615384615385,6378.0,29.907794811323498
2023-07-16,88.0,214.0,160.0,6468.0,218.0,0.7476635514018691,0.03370439084724799,2.477272727272727,6250.0,30.39110145452249
2023-07-17,113.0,208.0,159.0,6632.0,160.0,0.7644230769230769,0.024125452352231604,1.415929203539823,6472.0,32.470499431535856
2023-07-18,174.0,285.0,150.0,6874.0,181.0,0.5263157894736842,0.026331102705848125,1.0402298850574712,6693.0,32.34928423437263
2023-07-19,104.0,230.0,206.0,7001.0,226.0,0.8956521739130435,0.03228110269961434,2.173076923076923,6775.0,33.667138139084855
2023-07-20,147.0,276.0,214.0,7116.0,281.0,0.7753623188405797,0.0394884766722878,1.91156462585034,6835.0,38.32256577552008
2023-07-23,108.0,220.0,213.0,7052.0,276.0,0.9681818181818181,0.039137833238797506,2.5555555555555554,6776.0,44.61315202194686
2023-07-24,180.0,280.0,146.0,7220.0,187.0,0.5214285714285715,0.025900277008310248,1.038888888888889,7033.0,46.707804996799624
2023-07-25,134.0,294.0,186.0,7510.0,136.0,0.6326530612244898,0.018109187749667112,1.0149253731343284,7374.0,56.15963641179298
2023-07-26,202.0,313.0,158.0,7647.0,215.0,0.5047923322683706,0.028115600889237608,1.0643564356435644,7432.0,52.245756264208325
2023-07-27,110.0,272.0,193.0,7754.0,259.0,0.7095588235294118,0.03340211503740005,2.3545454545454545,7495.0,52.21019787268354
2023-07-30,166.0,277.0,229.0,7671.0,305.0,0.8267148014440433,0.03976013557554426,1.8373493975903614,7366.0,60.207972893961454
2023-07-31,136.0,276.0,178.0,7800.0,220.0,0.644927536231884,0.028205128205128206,1.6176470588235294,7580.0,57.1130874835599
2023-08-01,87.0,246.0,173.0,8103.0,168.0,0.7032520325203252,0.02073306182895224,1.9310344827586208,7935.0,56.661064148815704
2023-08-02,84.0,171.0,157.0,8261.0,271.0,0.9181286549707602,0.03280474518823387,3.2261904761904763,7990.0,59.1140946854149
2023-08-03,167.0,209.0,157.0,8294.0,339.0,0.7511961722488039,0.04087292018326501,2.029940119760479,7955.0,58.0414466033498
2023-08-06,109.0,245.0,159.0,8298.0,322.0,0.6489795918367347,0.03880453121234032,2.9541284403669725,7976.0,60.153771207432705
2023-08-07,156.0,256.0,176.0,8493.0,202.0,0.6875,0.023784292947132933,1.294871794871795,8291.0,65.38603316713218
2023-08-08,125.0,232.0,192.0,8725.0,207.0,0.8275862068965517,0.02372492836676218,1.656,8518.0,64.88451279003326
2023-08-09,118.0,139.0,168.0,8888.0,251.0,1.20863309352518,0.02824032403240324,2.1271186440677967,8637.0,63.783114648672495
2023-08-10,142.0,235.0,139.0,8914.0,353.0,0.5914893617021276,0.03960062822526363,2.4859154929577465,8561.0,61.74795157581737
2023-08-16,148.0,245.0,175.0,9634.0,288.0,0.7142857142857143,0.029894124974050237,1.945945945945946,9346.0,61.76761364370535
2023-08-17,119.0,219.0,210.0,9694.0,407.0,0.958904109589041,0.04198473282442748,3.4201680672268906,9287.0,76.20148729957059
2023-08-20,105.0,210.0,149.0,9483.0,390.0,0.7095238095238096,0.041126225877886745,3.7142857142857144,9093.0,84.80902916890024
2023-08-21,143.0,203.0,163.0,9668.0,281.0,0.8029556650246306,0.029064956557716178,1.965034965034965,9387.0,74.23610981186941
2023-08-22,119.0,209.0,152.0,9921.0,230.0,0.7272727272727273,0.023183146860195545,1.9327731092436975,9691.0,69.20432136245559
2023-08-23,155.0,212.0,181.0,10071.0,285.0,0.8537735849056604,0.02829907655644921,1.8387096774193548,9786.0,65.09333957589504
2023-08-24,109.0,214.0,173.0,10026.0,443.0,0.8084112149532711,0.044185118691402354,4.064220183486238,9583.0,80.06247560499183
2023-08-27,191.0,283.0,192.0,9873.0,488.0,0.6784452296819788,0.049427732198926363,2.554973821989529,9385.0,95.86945489024261
2023-08-28,170.0,297.0,196.0,10012.0,388.0,0.6599326599326599,0.03875349580503396,2.2823529411764705,9624.0,94.59638571571365
2023-08-29,152.0,272.0,214.0,10180.0,286.0,0.7867647058823529,0.028094302554027506,1.881578947368421,9894.0,96.84695830707972
2023-08-30,239.0,367.0,224.0,10280.0,366.0,0.6103542234332425,0.035603112840466924,1.5313807531380754,9914.0,93.0312287557754
2023-08-31,113.0,280.0,237.0,10140.0,505.0,0.8464285714285714,0.04980276134122288,4.469026548672566,9635.0,89.36975092810889
2023-09-04,196.0,306.0,187.0,9988.0,293.0,0.6111111111111112,0.02933520224269123,1.4948979591836735,9695.0,87.77406060041629
2023-09-05,236.0,330.0,222.0,10142.0,243.0,0.6727272727272727,0.023959771248274503,1.0296610169491525,9899.0,101.27520262466297
2023-09-06,81.0,230.0,242.0,10356.0,291.0,1.0521739130434782,0.02809965237543453,3.5925925925925926,10065.0,88.62924380328859
2023-09-07,118.0,245.0,160.0,10419.0,398.0,0.6530612244897959,0.03819944332469527,3.3728813559322033,10021.0,89.6283331053189
2023-09-10,218.0,283.0,208.0,10282.0,382.0,0.734982332155477,0.03715230499902743,1.7522935779816513,9900.0,87.25059694160583
2023-09-11,132.0,243.0,183.0,10492.0,277.0,0.7530864197530864,0.02640106747998475,2.0984848484848486,10215.0,91.58732497042374
2023-09-12,224.0,315.0,152.0,10649.0,316.0,0.48253968253968255,0.02967414780730585,1.4107142857142858,10333.0,56.36699473307087
2023-09-13,167.0,326.0,213.0,10678.0,343.0,0.6533742331288344,0.03212212024723731,2.053892215568862,10335.0,56.388110871166646
2023-09-14,209.0,353.0,232.0,10837.0,414.0,0.6572237960339944,0.038202454553843315,1.9808612440191387,10423.0,53.72593591996412
2023-09-17,153.0,253.0,286.0,10799.0,427.0,1.1304347826086956,0.03954069821279748,2.7908496732026142,10372.0,55.153465547548656
2023-09-18,180.0,337.0,219.0,10892.0,313.0,0.6498516320474778,0.028736687477047374,1.738888888888889,10579.0,56.09940157562064
2023-09-19,133.0,287.0,189.0,11095.0,260.0,0.6585365853658537,0.023433979269941414,1.9548872180451127,10835.0,64.03049868542863
2023-09-20,187.0,310.0,247.0,11064.0,364.0,0.7967741935483871,0.03289949385394071,1.946524064171123,10700.0,58.978607905545616
2023-09-21,168.0,285.0,210.0,11067.0,428.0,0.7368421052631579,0.03867353392970091,2.5476190476190474,10639.0,63.800283623790136
2023-09-24,269.0,412.0,204.0,10744.0,403.0,0.49514563106796117,0.03750930752047654,1.4981412639405205,10341.0,64.51282633635441
2023-09-25,100.0,255.0,236.0,10842.0,284.0,0.9254901960784314,0.026194429072126914,2.84,10558.0,69.18918164816479
2023-09-26,205.0,294.0,177.0,10978.0,332.0,0.6020408163265306,0.03024230278739297,1.6195121951219513,10646.0,61.39450882844181
2023-09-27,161.0,304.0,211.0,11017.0,331.0,0.694078947368421,0.030044476717799765,2.0559006211180124,10686.0,60.41641215053041
2023-09-28,57.0,162.0,193.0,10984.0,447.0,1.191358024691358,0.040695557174071376,7.842105263157895,10537.0,58.848473702745444
2023-10-01,80.0,122.0,152.0,10598.0,493.0,1.2459016393442623,0.046518210983204376,6.1625,10105.0,74.75674838147569
2023-10-02,107.0,170.0,133.0,10724.0,284.0,0.7823529411764706,0.02648265572547557,2.6542056074766354,10440.0,81.5142406489277
2023-10-03,99.0,156.0,139.0,10818.0,287.0,0.8910256410256411,0.026529857644666296,2.898989898989899,10531.0,84.8674035803858
2023-10-04,25.0,66.0,94.0,10963.0,330.0,1.4242424242424243,0.030101249657940345,13.2,10633.0,80.46886413537833
2023-10-05,35.0,70.0,53.0,11130.0,427.0,0.7571428571428571,0.038364779874213835,12.2,10703.0,83.36808799077713
2023-10-09,43.0,73.0,64.0,10815.0,282.0,0.8767123287671232,0.0260748959778086,6.558139534883721,10533.0,89.16971512367844
2023-10-10,41.0,60.0,71.0,10910.0,257.0,1.1833333333333333,0.023556370302474795,6.2682926829268295,10653.0,88.71194690575467
2023-10-11,65.0,83.0,65.0,10960.0,266.0,0.7831325301204819,0.02427007299270073,4.092307692307692,10694.0,58.63364871730842
2023-10-12,38.0,80.0,82.0,10992.0,398.0,1.025,0.03620815138282387,10.473684210526315,10594.0,67.13667651390907
2023-10-15,56.0,82.0,68.0,10571.0,434.0,0.8292682926829268,0.04105571847507331,7.75,10137.0,76.99567087397342
2023-10-16,74.0,103.0,80.0,10629.0,331.0,0.7766990291262136,0.031141217424028603,4.472972972972973,10298.0,76.97061900800912
2023-10-17,68.0,107.0,102.0,10630.0,315.0,0.9532710280373832,0.029633113828786452,4.632352941176471,10315.0,67.4423916426169
2023-10-18,92.0,124.0,93.0,10511.0,393.0,0.75,0.037389401579297876,4.271739130434782,10118.0,68.37640918718414
2023-10-19,113.0,162.0,107.0,10319.0,406.0,0.6604938271604939,0.03934489776141099,3.5929203539823007,9913.0,60.209950134823806
2023-10-22,106.0,196.0,131.0,9506.0,454.0,0.6683673469387755,0.047759309909530825,4.283018867924528,9052.0,50.77213333915914
2023-10-23,86.0,152.0,168.0,9436.0,327.0,1.105263157894737,0.03465451462484104,3.802325581395349,9109.0,55.785302723924055
2023-10-24,84.0,118.0,136.0,9396.0,300.0,1.152542372881356,0.031928480204342274,3.5714285714285716,9096.0,57.14142855356994
2023-10-25,59.0,64.0,117.0,9351.0,293.0,1.828125,0.03133354721420169,4.966101694915254,9058.0,62.04529835224372
2023-10-26,62.0,97.0,52.0,9235.0,390.0,0.5360824742268041,0.04223064428803465,6.290322580645161,8845.0,60.35293025592098
2023-10-29,91.0,75.0,97.0,8925.0,418.0,1.2933333333333332,0.046834733893557426,4.593406593406593,8507.0,62.893333737140175
2023-10-30,29.0,51.0,11.0,9026.0,278.0,0.21568627450980393,0.030799911367161533,9.586206896551724,8748.0,68.9053871693083
2023-10-31,33.0,53.0,34.0,9072.0,295.0,0.6415094339622641,0.03251763668430335,8.93939393939394,8777.0,54.06697786299905
2023-11-01,132.0,235.0,197.0,9250.0,279.0,0.8382978723404255,0.03016216216216216,2.1136363636363638,8971.0,57.26962129968618
2023-11-02,174.0,208.0,256.0,9442.0,330.0,1.2307692307692308,0.03495022241050625,1.896551724137931,9112.0,56.47839873623776
2023-11-05,123.0,230.0,167.0,9273.0,370.0,0.7260869565217392,0.039900787231748086,3.008130081300813,8903.0,56.445928614407414
2023-11-06,123.0,233.0,159.0,9286.0,316.0,0.6824034334763949,0.034029722162395006,2.569105691056911,8970.0,51.619948155911445
2023-11-07,141.0,232.0,188.0,9483.0,231.0,0.8103448275862069,0.024359379943055995,1.6382978723404256,9252.0,44.28479261713709
2023-11-08,158.0,226.0,191.0,9634.0,310.0,0.8451327433628318,0.03217770396512352,1.9620253164556962,9324.0,43.293021542572994
2023-11-12,96.0,160.0,233.0,9477.0,313.0,1.45625,0.03302732932362562,3.2604166666666665,9164.0,43.17406628984546
2023-11-13,141.0,173.0,129.0,9510.0,287.0,0.7456647398843931,0.030178759200841218,2.0354609929078014,9223.0,42.40844480143264
2023-11-14,116.0,181.0,182.0,9665.0,247.0,1.0055248618784531,0.025556130367304707,2.1293103448275863,9418.0,46.66802719105183
2023-11-15,150.0,157.0,201.0,9762.0,316.0,1.2802547770700636,0.03237041589838148,2.1066666666666665,9446.0,35.603638123358316
2023-11-16,80.0,176.0,125.0,9762.0,374.0,0.7102272727272727,0.03831182134808441,4.675,9388.0,47.73338653894337
2023-11-19,116.0,188.0,164.0,9573.0,435.0,0.8723404255319149,0.04544030084612974,3.75,9138.0,61.1991285340998
2023-11-20,105.0,185.0,158.0,9638.0,298.0,0.8540540540540541,0.03091927785847686,2.8380952380952382,9340.0,61.8862243306594
2023-11-21,136.0,246.0,123.0,9804.0,250.0,0.5,0.025499796001631988,1.838235294117647,9554.0,68.07279017276078
2023-11-23,128.0,228.0,177.0,9838.0,283.0,0.7763157894736842,0.028766009351494207,2.2109375,9555.0,68.36596201257404
2023-11-26,90.0,196.0,205.0,9845.0,312.0,1.0459183673469388,0.031691213814118845,3.466666666666667,9533.0,61.727897528858634
2023-11-27,56.0,82.0,68.0,10123.0,214.0,0.8292682926829268,0.02113997826731206,3.8214285714285716,9909.0,74.62318036387228
2023-11-28,74.0,103.0,80.0,10223.0,223.0,0.7766990291262136,0.021813557664090776,3.0135135135135136,10000.0,74.67134339095239
2023-11-29,68.0,107.0,102.0,10398.0,284.0,0.9532710280373832,0.027312944797076362,4.176470588235294,10114.0,37.7743929389316
2023-11-30,92.0,124.0,93.0,10536.0,320.0,0.75,0.030372057706909643,3.4782608695652173,10216.0,41.57666470051543
2023-12-03,132.0,235.0,197.0,10579.0,417.0,0.8382978723404255,0.039417714339729654,3.159090909090909,10162.0,68.05320047755353
2023-12-04,174.0,208.0,256.0,10635.0,273.0,1.2307692307692308,0.025669957686882933,1.5689655172413792,10362.0,68.40913333619659
2023-12-05,123.0,230.0,167.0,10761.0,261.0,0.7260869565217392,0.024254251463618624,2.1219512195121952,10500.0,68.62180689075734
2023-12-06,123.0,233.0,159.0,10832.0,376.0,0.6824034334763949,0.03471196454948301,3.0569105691056913,10456.0,68.17065420867009
2023-12-07,141.0,232.0,188.0,10897.0,466.0,0.8103448275862069,0.04276406350371662,3.3049645390070923,10431.0,78.87301427581107
2023-12-10,158.0,226.0,191.0,10871.0,411.0,0.8451327433628318,0.03780700947474933,2.6012658227848102,10460.0,77.79215286659017
2023-12-11,96.0,160.0,233.0,10998.0,304.0,1.45625,0.027641389343517002,3.1666666666666665,10694.0,79.4013314030144
2023-12-12,141.0,173.0,129.0,11077.0,259.0,0.7456647398843931,0.02338178207095784,1.8368794326241136,10818.0,82.33208019096419
2023-12-13,116.0,181.0,182.0,11192.0,335.0,1.0055248618784531,0.029932094353109364,2.8879310344827585,10857.0,77.6634988113397
2023-12-14,150.0,157.0,201.0,11242.0,396.0,1.2802547770700636,0.03522504892367906,2.64,10846.0,69.81744904016526
2023-12-17,80.0,176.0,125.0,11092.0,456.0,0.7102272727272727,0.04111071042192571,5.7,10636.0,78.18293566099504
2023-12-18,116.0,188.0,164.0,11149.0,364.0,0.8723404255319149,0.03264866804197686,3.1379310344827585,10785.0,67.19056056152021
2023-12-19,105.0,185.0,158.0,11291.0,272.0,0.8540540540540541,0.024089983172438226,2.5904761904761906,11019.0,70.3193396144293
2023-12-20,136.0,246.0,123.0,11516.0,390.0,0.5,0.033865925668634944,2.8676470588235294,11126.0,70.31933961442914
2023-12-21,128.0,228.0,177.0,11375.0,497.0,0.7763157894736842,0.04369230769230769,3.8828125,10878.0,74.61998966190424
2023-12-25,90.0,196.0,205.0,11144.0,347.0,1.0459183673469388,0.031137832017229004,3.8555555555555556,10797.0,73.34945710189471
2023-12-26,56.0,82.0,68.0,11217.0,288.0,0.8292682926829268,0.025675314255148435,5.142857142857143,10929.0,82.39712200244361
2023-12-27,74.0,103.0,80.0,11206.0,335.0,0.7766990291262136,0.029894699268249152,4.527027027027027,10871.0,74.50151804142035
2023-12-28,68.0,107.0,102.0,11230.0,357.0,0.9532710280373832,0.031789848619768475,5.25,10873.0,74.42541808510552
2024-01-01,92.0,124.0,93.0,10870.0,290.0,0.75,0.02667893284268629,3.152173913043478,10580.0,71.32020350904307
2024-01-02,113.0,162.0,107.0,10770.0,316.0,0.6604938271604939,0.02934076137418756,2.7964601769911503,10454.0,71.22131837080876
2024-01-03,106.0,196.0,131.0,10718.0,263.0,0.6683673469387755,0.02453816010449711,2.481132075471698,10455.0,34.72613946157473
2024-01-04,86.0,152.0,168.0,10558.0,362.0,1.105263157894737,0.03428679674180716,4.209302325581396,10196.0,37.4763417435075
2024-01-07,84.0,118.0,136.0,9670.0,367.0,1.152542372881356,0.03795243019648397,4.369047619047619,9303.0,39.528169581655824
2024-01-08,59.0,64.0,117.0,9670.0,367.0,1.828125,0.03795243019648397,6.220338983050848,9303.0,42.338769804652685
2024-01-09,62.0,97.0,52.0,9311.0,286.0,0.5360824742268041,0.030716356997100205,4.612903225806452,9025.0,43.75255094603827
2024-01-10,91.0,75.0,97.0,9144.0,349.0,1.2933333333333332,0.038167104111986004,3.8351648351648353,8795.0,42.316269526821614
2024-01-11,29.0,51.0,11.0,8829.0,476.0,0.21568627450980393,0.053913240457582966,16.413793103448278,8353.0,68.56488063974709
2024-01-15,33.0,53.0,34.0,8033.0,234.0,0.6415094339622641,0.029129839412423753,7.090909090909091,7799.0,75.4314573762477
2024-01-16,32.0,49.0,39.0,8133.0,188.0,0.7959183673469388,0.02311570146317472,5.875,7945.0,96.14819910157517
2024-01-17,80.0,176.0,125.0,8072.0,353.0,0.7102272727272727,0.04373141724479683,4.4125,7719.0,95.24254751497784
2024-01-18,116.0,188.0,164.0,8042.0,359.0,0.8723404255319149,0.044640636657547875,3.0948275862068964,7683.0,94.65677346024805
2024-01-21,105.0,185.0,158.0,7974.0,371.0,0.8540540540540541,0.04652621018309506,3.533333333333333,7603.0,94.91299273796044
2024-01-22,136.0,246.0,123.0,8008.0,222.0,0.5,0.027722277722277724,1.6323529411764706,7786.0,103.09819637238112
2024-01-23,128.0,228.0,177.0,8133.0,202.0,0.7763157894736842,0.024837083487028157,1.578125,7931.0,81.38561941534309
2024-01-24,90.0,196.0,205.0,8212.0,243.0,1.0459183673469388,0.02959084266926449,2.7,7969.0,80.68752190070167
2024-01-25,102.0,189.0,155.0,8180.0,293.0,0.8201058201058201,0.03581907090464548,2.872549019607843,7887.0,70.53705544234315
2024-01-28,120.0,257.0,126.0,8004.0,307.0,0.490272373540856,0.03835582208895552,2.558333333333333,7697.0,65.88048341685196
2024-01-29,137.0,272.0,166.0,8057.0,195.0,0.6102941176470589,0.024202556782921682,1.4233576642335766,7862.0,64.44229607803844
2024-01-30,93.0,198.0,208.0,8182.0,187.0,1.0505050505050506,0.02285504766560743,2.010752688172043,7995.0,47.90914019564324
2024-01-31,203.0,477.0,258.0,8153.0,266.0,0.5408805031446541,0.03262602722924077,1.3103448275862069,7887.0,48.71149272820121
2024-02-01,222.0,459.0,289.0,8026.0,337.0,0.6296296296296297,0.04198853725392474,1.518018018018018,7689.0,56.416394104990175
2024-02-04,253.0,531.0,248.0,7813.0,342.0,0.4670433145009416,0.04377319851529502,1.3517786561264822,7471.0,63.12082140813853
2024-02-05,157.0,466.0,345.0,7872.0,242.0,0.740343347639485,0.030741869918699188,1.5414012738853504,7630.0,63.67626454705633
2024-02-06,291.0,455.0,323.0,8045.0,178.0,0.7098901098901099,0.022125543816034803,0.6116838487972509,7867.0,68.95616274817245
2024-02-07,227.0,453.0,330.0,8160.0,222.0,0.7284768211920529,0.027205882352941177,0.9779735682819384,7938.0,66.09048631196808
2024-02-08,298.0,499.0,358.0,8188.0,315.0,0.717434869739479,0.03847093307278945,1.0570469798657718,7873.0,62.24337792278087
2024-02-11,205.0,515.0,226.0,8056.0,347.0,0.4388349514563107,0.04307348560079444,1.6926829268292682,7709.0,68.24396013742246
2024-02-12,213.0,430.0,440.0,8092.0,234.0,1.0232558139534884,0.028917449332674247,1.0985915492957747,7858.0,65.79224154578624
2024-02-13,227.0,369.0,349.0,8348.0,160.0,0.94579945799458,0.019166267369429803,0.7048458149779736,8188.0,67.86716717936926
2024-02-14,185.0,322.0,272.0,8512.0,230.0,0.84472049689441,0.027020676691729324,1.2432432432432432,8282.0,68.0353549546822
2024-02-15,333.0,508.0,272.0,8463.0,312.0,0.5354330708661418,0.03686635944700461,0.9369369369369369,8151.0,66.22939931279296
2024-02-19,249.0,420.0,371.0,8380.0,218.0,0.8833333333333333,0.026014319809069212,0.8755020080321285,8162.0,66.62796495680895
2024-02-20,149.0,395.0,273.0,8488.0,192.0,0.6911392405063291,0.022620169651272386,1.2885906040268456,8296.0,65.74300614622769
2024-02-21,232.0,430.0,318.0,8573.0,231.0,0.7395348837209302,0.026945060072320073,0.9956896551724138,8342.0,46.67873993484466
2024-02-22,165.0,400.0,292.0,8607.0,293.0,0.73,0.0340420587893575,1.7757575757575759,8314.0,53.36264075710192
2024-02-25,244.0,482.0,366.0,8404.0,329.0,0.7593360995850622,0.03914802475011899,1.348360655737705,8075.0,52.67962468680757
2024-02-26,199.0,438.0,326.0,8404.0,329.0,0.7442922374429224,0.03914802475011899,1.6532663316582914,8075.0,57.061370470748656
2024-02-27,197.0,369.0,306.0,8650.0,206.0,0.8292682926829268,0.023815028901734103,1.0456852791878173,8444.0,58.71805109001468
2024-02-28,209.0,447.0,274.0,8699.0,257.0,0.6129753914988815,0.02954362570410392,1.229665071770335,8442.0,56.21345373620467
2024-02-29,262.0,444.0,354.0,8724.0,299.0,0.7972972972972973,0.03427326914259514,1.1412213740458015,8425.0,47.78672858201791
2024-03-03,236.0,468.0,347.0,8594.0,354.0,0.7414529914529915,0.04119152897370258,1.5,8240.0,50.29484495026723
2024-03-04,225.0,509.0,340.0,8660.0,229.0,0.6679764243614931,0.02644341801385681,1.0177777777777777,8431.0,56.244788118333204
2024-03-05,246.0,472.0,345.0,8800.0,214.0,0.7309322033898306,0.02431818181818182,0.8699186991869918,8586.0,58.394389815330634
2024-03-06,230.0,457.0,277.0,8870.0,232.0,0.6061269146608315,0.026155580608793687,1.008695652173913,8638.0,53.26483696720477
2024-03-07,181.0,424.0,328.0,8902.0,305.0,0.7735849056603774,0.03426196360368457,1.6850828729281768,8597.0,50.91168824543169
2024-03-10,190.0,368.0,326.0,8714.0,373.0,0.8858695652173914,0.04280468212072527,1.9631578947368422,8341.0,63.337343231454334
2024-03-11,178.0,336.0,290.0,8757.0,253.0,0.8630952380952381,0.02889117277606486,1.4213483146067416,8504.0,64.21318660005394
2024-03-12,154.0,294.0,290.0,8843.0,213.0,0.9863945578231292,0.02408684835463078,1.3831168831168832,8630.0,59.0379216307301
2024-03-13,165.0,358.0,167.0,8819.0,239.0,0.4664804469273743,0.027100578296859055,1.4484848484848485,8580.0,58.28297145740597
2024-03-14,166.0,301.0,252.0,8695.0,310.0,0.8372093023255814,0.03565267395054629,1.8674698795180722,8385.0,56.571488696456925
2024-03-17,127.0,260.0,259.0,8373.0,342.0,0.9961538461538462,0.04084557506270154,2.6929133858267718,8031.0,57.89851548388867
2024-03-18,123.0,243.0,188.0,8333.0,283.0,0.7736625514403292,0.033961358454338175,2.3008130081300813,8050.0,57.590095047838325
2024-03-19,99.0,202.0,256.0,8390.0,197.0,1.2673267326732673,0.023480333730631704,1.9898989898989898,8193.0,52.248946218583356
2024-03-20,91.0,181.0,174.0,8365.0,227.0,0.9613259668508287,0.02713687985654513,2.4945054945054945,8138.0,53.92808262156309
2024-03-21,132.0,261.0,141.0,8292.0,235.0,0.5402298850574713,0.028340569223347805,1.7803030303030303,8057.0,51.401778735204225
2024-03-24,124.0,264.0,221.0,7899.0,373.0,0.8371212121212122,0.04722116723635903,3.0080645161290325,7526.0,64.70188044665584
2024-03-25,128.0,242.0,224.0,7899.0,229.0,0.9256198347107438,0.028991011520445625,1.7890625,7670.0,65.88337459191867
2024-03-26,187.0,276.0,200.0,7919.0,208.0,0.7246376811594203,0.02626594266952898,1.1122994652406417,7711.0,60.53295049176229
2024-03-27,129.0,287.0,185.0,7893.0,215.0,0.6445993031358885,0.027239325985050043,1.6666666666666667,7678.0,59.86055223839633
2024-03-28,161.0,288.0,248.0,7762.0,360.0,0.8611111111111112,0.04637979902087091,2.2360248447204967,7402.0,70.79178052907147
2024-03-31,105.0,254.0,151.0,7257.0,287.0,0.594488188976378,0.03954802259887006,2.7333333333333334,6970.0,69.19984860979878
2024-04-01,109.0,235.0,171.0,7271.0,172.0,0.7276595744680852,0.023655618209324714,1.5779816513761469,7099.0,78.36848248893864
2024-04-02,101.0,230.0,175.0,7340.0,132.0,0.7608695652173914,0.017983651226158037,1.306930693069307,7208.0,75.07773749032894
2024-04-03,124.0,230.0,190.0,7346.0,163.0,0.8260869565217391,0.02218894636536891,1.314516129032258,7183.0,79.1135410720091
2024-04-04,95.0,226.0,152.0,7317.0,225.0,0.672566371681416,0.03075030750307503,2.3684210526315788,7092.0,78.95990543729617
2024-04-07,106.0,239.0,233.0,6982.0,279.0,0.9748953974895398,0.039959896877685475,2.6320754716981134,6703.0,81.67298323482657
2024-04-08,102.0,230.0,167.0,6988.0,199.0,0.7260869565217392,0.02847738981110475,1.9509803921568627,6789.0,58.80597637266947
2024-04-09,118.0,231.0,217.0,7043.0,130.0,0.9393939393939394,0.018458043447394577,1.1016949152542372,6913.0,53.409469465363166
2024-04-10,117.0,244.0,142.0,6999.0,227.0,0.5819672131147541,0.03243320474353479,1.9401709401709402,6772.0,55.075273165785
2024-04-11,183.0,221.0,220.0,6912.0,285.0,0.995475113122172,0.04123263888888889,1.5573770491803278,6627.0,56.89715031779545
2024-04-14,128.0,245.0,243.0,6630.0,290.0,0.9918367346938776,0.043740573152337855,2.265625,6340.0,57.636380706568104
2024-04-15,144.0,303.0,176.0,6681.0,191.0,0.5808580858085809,0.028588534650501422,1.3263888888888888,6490.0,59.868506706265656
2024-04-16,219.0,392.0,205.0,6685.0,163.0,0.5229591836734694,0.0243829468960359,0.7442922374429224,6522.0,59.683690042950246
2024-04-17,182.0,371.0,274.0,6725.0,227.0,0.738544474393531,0.0337546468401487,1.2472527472527473,6498.0,59.59426306681111
2024-04-18,144.0,322.0,258.0,6728.0,260.0,0.8012422360248447,0.03864447086801427,1.8055555555555556,6468.0,47.25362168029912
2024-04-21,208.0,380.0,343.0,6745.0,240.0,0.9026315789473685,0.03558191252779837,1.1538461538461537,6505.0,47.155265322327665
2024-04-22,176.0,424.0,251.0,6799.0,214.0,0.5919811320754716,0.031475216943668186,1.2159090909090908,6585.0,42.39833779311555
2024-04-23,252.0,427.0,307.0,6967.0,134.0,0.7189695550351288,0.019233529496196354,0.5317460317460317,6833.0,44.36751278217318
2024-04-24,253.0,411.0,307.0,7128.0,154.0,0.7469586374695864,0.021604938271604937,0.6086956521739131,6974.0,48.23010322550609
2024-04-25,145.0,357.0,333.0,7209.0,217.0,0.9327731092436975,0.03010126231100014,1.4965517241379311,6992.0,45.79613208870178
2024-04-28,158.0,349.0,365.0,7298.0,250.0,1.0458452722063036,0.034255960537133465,1.5822784810126582,7048.0,48.26464741895763
2024-04-29,140.0,292.0,255.0,7373.0,187.0,0.8732876712328768,0.025362810253628104,1.3357142857142856,7186.0,43.250653724760774
2024-04-30,220.0,443.0,194.0,7431.0,135.0,0.43792325056433407,0.018167137666532097,0.6136363636363636,7296.0,45.00687778128117
2024-05-01,197.0,437.0,295.0,7508.0,190.0,0.6750572082379863,0.02530633990410229,0.9644670050761421,7318.0,43.25891045014276
2024-05-02,206.0,411.0,293.0,7577.0,194.0,0.7128953771289538,0.02560380097663983,0.941747572815534,7383.0,38.02129729006067
2024-05-05,150.0,315.0,228.0,7447.0,332.0,0.7238095238095238,0.044581710756009134,2.2133333333333334,7115.0,62.13962772123303
2024-05-06,173.0,337.0,211.0,7449.0,205.0,0.6261127596439169,0.02752047254665056,1.1849710982658959,7244.0,62.24070020416595
2024-05-07,176.0,334.0,246.0,7566.0,163.0,0.7365269461077845,0.02154374834787206,0.9261363636363636,7403.0,62.3736818736581
2024-05-08,167.0,374.0,205.0,7583.0,202.0,0.5481283422459893,0.02663853356191481,1.2095808383233533,7381.0,62.075223183919725
2024-05-09,138.0,285.0,268.0,7570.0,244.0,0.9403508771929825,0.03223249669749009,1.7681159420289856,7326.0,55.49731868254967
2024-05-12,138.0,301.0,263.0,7464.0,245.0,0.8737541528239202,0.03282422293676313,1.7753623188405796,7219.0,54.665214847156705
2024-05-13,112.0,331.0,167.0,7499.0,157.0,0.5045317220543807,0.02093612481664222,1.4017857142857142,7342.0,59.86492732652079
2024-05-14,246.0,419.0,218.0,7546.0,186.0,0.5202863961813843,0.024648820567187913,0.7560975609756098,7360.0,35.126980540673806
2024-05-15,115.0,285.0,341.0,7589.0,265.0,1.1964912280701754,0.03491896165502701,2.3043478260869565,7324.0,42.92407471893013
2024-05-16,206.0,340.0,214.0,7565.0,234.0,0.6294117647058823,0.030931923331130203,1.1359223300970873,7331.0,38.43609414773344
2024-05-19,143.0,295.0,278.0,7356.0,298.0,0.9423728813559322,0.04051114736269712,2.0839160839160837,7058.0,47.43316099423318
2024-05-20,111.0,268.0,217.0,7368.0,192.0,0.8097014925373134,0.026058631921824105,1.7297297297297298,7176.0,49.40213991895005
2024-05-21,196.0,348.0,176.0,7404.0,145.0,0.5057471264367817,0.01958400864397623,0.7397959183673469,7259.0,56.674509261219924
2024-05-22,168.0,349.0,272.0,7474.0,208.0,0.7793696275071633,0.02782981000802783,1.2380952380952381,7266.0,51.62917226308712
2024-05-23,193.0,272.0,314.0,7494.0,227.0,1.1544117647058822,0.03029089938617561,1.1761658031088082,7267.0,49.64349091750378
2024-05-27,156.0,344.0,252.0,7365.0,167.0,0.7325581395348837,0.02267481330617787,1.0705128205128205,7198.0,50.018091964904336
2024-05-28,153.0,348.0,239.0,7418.0,151.0,0.6867816091954023,0.020355891075761662,0.9869281045751634,7267.0,53.15923966635413
2024-05-29,182.0,462.0,158.0,7491.0,141.0,0.341991341991342,0.01882258710452543,0.7747252747252747,7350.0,33.59776069635689
2024-05-30,167.0,406.0,339.0,7563.0,190.0,0.8349753694581281,0.025122305963242098,1.1377245508982037,7373.0,33.4457627752633
2024-06-02,159.0,330.0,322.0,7546.0,306.0,0.9757575757575757,0.040551285449244634,1.9245283018867925,7240.0,56.39993245521219
2024-06-03,109.0,244.0,257.0,7596.0,224.0,1.0532786885245902,0.02948920484465508,2.055045871559633,7372.0,57.16475770795882
2024-06-04,260.0,356.0,176.0,7565.0,203.0,0.4943820224719101,0.02683410442828817,0.7807692307692308,7362.0,56.044200243669266
2024-06-05,173.0,345.0,291.0,7691.0,198.0,0.8434782608695652,0.025744376544012484,1.1445086705202312,7493.0,54.440880997735846
2024-06-06,179.0,326.0,282.0,7741.0,238.0,0.8650306748466258,0.030745381733626148,1.329608938547486,7503.0,50.697515671265336
2024-06-09,116.0,289.0,166.0,7451.0,312.0,0.5743944636678201,0.041873574016910484,2.689655172413793,7139.0,50.697515671265066
2024-06-10,184.0,334.0,229.0,7439.0,212.0,0.6856287425149701,0.02849845409329211,1.1521739130434783,7227.0,47.77177887773204
2024-06-11,186.0,352.0,224.0,7493.0,156.0,0.6363636363636364,0.020819431469371413,0.8387096774193549,7337.0,47.846480688612886
2024-06-12,152.0,266.0,274.0,7548.0,212.0,1.0300751879699248,0.028086910439851617,1.394736842105263,7336.0,47.912121937684226
2024-06-13,167.0,293.0,230.0,7544.0,259.0,0.7849829351535836,0.03433191940615058,1.5508982035928143,7285.0,49.499879749734546
2024-06-16,204.0,315.0,233.0,7307.0,294.0,0.7396825396825397,0.04023539072122622,1.4411764705882353,7013.0,53.366210104826166
2024-06-17,159.0,310.0,272.0,7318.0,224.0,0.8774193548387097,0.030609456135556164,1.4088050314465408,7094.0,53.73346921878194
2024-06-18,160.0,297.0,253.0,7340.0,214.0,0.8518518518518519,0.029155313351498638,1.3375,7126.0,43.080765788835144
2024-06-19,204.0,321.0,246.0,7433.0,198.0,0.7663551401869159,0.026637965828064037,0.9705882352941176,7235.0,44.06758878078617
2024-06-20,145.0,247.0,243.0,7431.0,235.0,0.9838056680161943,0.03162427667877809,1.6206896551724137,7196.0,32.927770881706714
2024-06-23,102.0,227.0,201.0,7247.0,294.0,0.8854625550660793,0.04056851110804471,2.8823529411764706,6953.0,38.0957440442601
2024-06-24,116.0,175.0,172.0,7239.0,202.0,0.9828571428571429,0.027904406686006356,1.7413793103448276,7037.0,40.713283195678315
2024-06-25,172.0,263.0,191.0,7239.0,202.0,0.7262357414448669,0.027904406686006356,1.1744186046511629,7037.0,33.5779122411784
2024-06-26,132.0,235.0,197.0,7268.0,187.0,0.8382978723404255,0.02572922399559714,1.4166666666666667,7081.0,36.39793296067261
2024-06-27,174.0,208.0,256.0,7248.0,268.0,1.2307692307692308,0.0369757174392936,1.5402298850574712,6980.0,40.66881337035132
2024-06-30,123.0,230.0,167.0,6874.0,273.0,0.7260869565217392,0.03971486761710794,2.2195121951219514,6601.0,41.752102884024524
2024-07-01,123.0,233.0,159.0,6825.0,229.0,0.6824034334763949,0.03355311355311355,1.8617886178861789,6596.0,41.868274157797046
2024-07-02,141.0,232.0,188.0,6823.0,184.0,0.8103448275862069,0.026967609555913822,1.3049645390070923,6639.0,37.02122943084847
2024-07-04,158.0,226.0,191.0,6790.0,225.0,0.8451327433628318,0.03313696612665685,1.4240506329113924,6565.0,36.092473823039
2024-07-07,96.0,160.0,233.0,6599.0,213.0,1.45625,0.032277617820881954,2.21875,6386.0,35.20349008672011
2024-07-08,141.0,173.0,129.0,6617.0,123.0,0.7456647398843931,0.018588484207344717,0.8723404255319149,6494.0,51.45178047731498
2024-07-09,116.0,181.0,182.0,6651.0,130.0,1.0055248618784531,0.019545932942414676,1.1206896551724137,6521.0,54.731813678806105
2024-07-10,150.0,157.0,201.0,6649.0,177.0,1.2802547770700636,0.02662054444277335,1.18,6472.0,43.25505750776588
2024-07-11,80.0,176.0,125.0,6640.0,197.0,0.7102272727272727,0.02966867469879518,2.4625,6443.0,39.07197266096486
2024-07-14,116.0,188.0,164.0,6308.0,237.0,0.8723404255319149,0.037571337983512997,2.043103448275862,6071.0,45.01481237696614
2024-07-15,105.0,185.0,158.0,6283.0,171.0,0.8540540540540541,0.027216297946840683,1.6285714285714286,6112.0,41.724150823053314
2024-07-16,136.0,246.0,123.0,6239.0,173.0,0.5,0.02772880269273922,1.2720588235294117,6066.0,38.815190938847536
2024-07-17,128.0,228.0,177.0,6228.0,187.0,0.7763157894736842,0.030025690430314708,1.4609375,6041.0,32.15957237337322
2024-07-21,90.0,196.0,205.0,6058.0,262.0,1.0459183673469388,0.04324859689666557,2.911111111111111,5796.0,35.32636948445873
2024-07-22,102.0,189.0,155.0,6002.0,234.0,0.8201058201058201,0.03898700433188937,2.2941176470588234,5768.0,35.55612598748918
2024-07-23,120.0,257.0,126.0,5965.0,170.0,0.490272373540856,0.028499580888516344,1.4166666666666667,5795.0,38.39022693094736
2024-07-24,137.0,272.0,166.0,5927.0,177.0,0.6102941176470589,0.02986333727011979,1.2919708029197081,5750.0,36.677487580779236
2024-07-25,93.0,198.0,208.0,5954.0,194.0,1.0505050505050506,0.03258313738663084,2.086021505376344,5760.0,35.02788005221694
2024-07-28,152.0,290.0,199.0,5743.0,207.0,0.6862068965517242,0.03604387950548494,1.361842105263158,5536.0,33.02956828286578
2024-07-29,114.0,210.0,219.0,5819.0,163.0,1.042857142857143,0.028011685856676405,1.4298245614035088,5656.0,36.23074201098815
2024-07-30,125.0,203.0,208.0,5930.0,92.0,1.0246305418719213,0.01551433389544688,0.736,5838.0,44.54852891590883
2024-07-31,140.0,261.0,163.0,5963.0,154.0,0.6245210727969349,0.02582592654704008,1.1,5809.0,37.03023217910255
2024-08-01,227.0,298.0,212.0,6016.0,169.0,0.7114093959731543,0.028091755319148936,0.7444933920704846,5847.0,37.01093789421812
2024-08-04,63.0,167.0,143.0,5943.0,170.0,0.8562874251497006,0.028605081608615177,2.6984126984126986,5773.0,36.730680052825115
2024-08-05,172.0,259.0,138.0,5950.0,150.0,0.5328185328185329,0.025210084033613446,0.872093023255814,5800.0,34.46461263106953
2024-08-06,163.0,283.0,200.0,5998.0,143.0,0.7067137809187279,0.023841280426808935,0.8773006134969326,5855.0,26.917864487577592
2024-08-07,135.0,273.0,207.0,6038.0,174.0,0.7582417582417582,0.028817489234845974,1.288888888888889,5864.0,28.18223013244793
2024-08-08,119.0,230.0,213.0,6084.0,174.0,0.9260869565217391,0.028599605522682446,1.4621848739495797,5910.0,12.714820748513008
2024-08-11,95.0,211.0,140.0,5894.0,249.0,0.6635071090047393,0.04224635222259925,2.6210526315789475,5645.0,34.606633000325026
2024-08-12,109.0,219.0,155.0,5903.0,148.0,0.7077625570776256,0.025071997289513807,1.3577981651376148,5755.0,36.14718588796627
2024-08-13,162.0,239.0,189.0,5981.0,123.0,0.7907949790794979,0.02056512288914897,0.7592592592592593,5858.0,40.77347410359261
2024-08-14,109.0,226.0,191.0,5987.0,178.0,0.8451327433628318,0.029731084015366626,1.6330275229357798,5809.0,40.32959447448404
2024-08-15,124.0,241.0,156.0,5895.0,220.0,0.6473029045643154,0.037319762510602206,1.7741935483870968,5675.0,42.23911525047595
2024-08-18,86.0,244.0,235.0,5821.0,178.0,0.9631147540983607,0.030578938326747983,2.0697674418604652,5643.0,42.157866576545906
2024-08-19,176.0,254.0,162.0,5865.0,158.0,0.6377952755905512,0.026939471440750214,0.8977272727272727,5707.0,43.0520172637279
2024-08-20,136.0,274.0,245.0,5995.0,112.0,0.8941605839416058,0.018682235195996665,0.8235294117647058,5883.0,36.66904754175106
2024-08-21,134.0,245.0,167.0,6028.0,156.0,0.6816326530612244,0.025879230258792303,1.164179104477612,5872.0,36.37175775110289
2024-08-22,182.0,307.0,205.0,6054.0,171.0,0.6677524429967426,0.028245787908820614,0.9395604395604396,5883.0,32.38238792336341
2024-08-27,149.0,285.0,222.0,6152.0,97.0,0.7789473684210526,0.015767230169050715,0.6510067114093959,6055.0,41.283572196861655
2024-08-28,170.0,285.0,178.0,6227.0,134.0,0.624561403508772,0.021519190621487074,0.788235294117647,6093.0,30.43416000546526
2024-08-29,145.0,295.0,188.0,6250.0,169.0,0.6372881355932203,0.02704,1.1655172413793105,6081.0,28.895542579307072
2024-09-02,133.0,270.0,198.0,6192.0,129.0,0.7333333333333333,0.020833333333333332,0.9699248120300752,6063.0,28.364968333696392
2024-09-03,131.0,263.0,177.0,6272.0,112.0,0.6730038022813688,0.017857142857142856,0.8549618320610687,6160.0,28.364968333696392
2024-09-04,121.0,231.0,219.0,6375.0,114.0,0.948051948051948,0.01788235294117647,0.9421487603305785,6261.0,28.43539042411066
2024-09-05,126.0,230.0,175.0,6448.0,121.0,0.7608695652173914,0.018765508684863524,0.9603174603174603,6327.0,22.813947279600086
2024-09-08,123.0,255.0,164.0,6312.0,221.0,0.6431372549019608,0.03501267427122941,1.7967479674796747,6091.0,39.41839068010882
2024-09-09,144.0,275.0,190.0,6353.0,141.0,0.6909090909090909,0.022194238942232016,0.9791666666666666,6212.0,39.24465386703038
2024-09-10,131.0,251.0,180.0,6396.0,148.0,0.7171314741035857,0.023139462163852407,1.1297709923664123,6248.0,37.77754435035482
2024-09-11,93.0,248.0,175.0,6410.0,162.0,0.7056451612903226,0.02527301092043682,1.7419354838709677,6248.0,38.10886660983082
2024-09-12,184.0,280.0,210.0,6360.0,220.0,0.75,0.03459119496855346,1.1956521739130435,6140.0,43.70354676682604
2024-09-13,81.0,200.0,212.0,6326.0,279.0,1.06,0.0441036990199178,3.4444444444444446,6047.0,56.69467095138522
2024-09-15,98.0,220.0,167.0,6234.0,210.0,0.759090909090909,0.03368623676612127,2.142857142857143,6024.0,49.59742696859263
2024-09-16,113.0,209.0,160.0,6229.0,164.0,0.7655502392344498,0.026328463637823086,1.4513274336283186,6065.0,49.734054635393605
2024-09-17,159.0,304.0,139.0,6227.0,160.0,0.45723684210526316,0.025694555965954713,1.0062893081761006,6067.0,47.118391920172535
2024-09-18,116.0,213.0,217.0,6245.0,149.0,1.0187793427230047,0.02385908726981585,1.2844827586206897,6096.0,46.96452561952254
2024-09-19,93.0,196.0,169.0,6270.0,188.0,0.8622448979591837,0.029984051036682616,2.021505376344086,6082.0,45.19112850149036
2024-09-22,124.0,234.0,161.0,5989.0,197.0,0.688034188034188,0.032893638336951074,1.5887096774193548,5792.0,43.95018825464994
2024-09-23,92.0,203.0,173.0,6002.0,165.0,0.8522167487684729,0.02749083638787071,1.7934782608695652,5837.0,22.326580357867773
2024-09-24,186.0,259.0,172.0,6023.0,143.0,0.6640926640926641,0.023742321102440643,0.7688172043010753,5880.0,19.586195332917338
2024-09-25,154.0,225.0,220.0,6050.0,169.0,0.9777777777777777,0.02793388429752066,1.0974025974025974,5881.0,19.56795241983449
2024-09-26,91.0,199.0,172.0,6090.0,185.0,0.864321608040201,0.030377668308702793,2.032967032967033,5905.0,20.284875904878785
2024-09-29,81.0,213.0,153.0,5925.0,177.0,0.7183098591549296,0.029873417721518986,2.185185185185185,5748.0,17.873896902363743
2024-09-30,209.0,285.0,184.0,5967.0,138.0,0.6456140350877193,0.023127199597787834,0.6602870813397129,5829.0,21.39091930169372
2024-10-01,184.0,314.0,217.0,6040.0,137.0,0.6910828025477707,0.022682119205298012,0.7445652173913043,5903.0,19.650517986633574
2024-10-02,107.0,215.0,230.0,6091.0,173.0,1.069767441860465,0.028402561155803644,1.6168224299065421,5918.0,20.270785922230868
2024-10-03,101.0,162.0,178.0,6118.0,193.0,1.0987654320987654,0.03154625694671461,1.9108910891089108,5925.0,21.90781552214929
2024-10-07,99.0,190.0,176.0,5968.0,153.0,0.9263157894736842,0.025636729222520107,1.5454545454545454,5815.0,22.542024246793005
2024-10-08,167.0,239.0,166.0,6013.0,123.0,0.694560669456067,0.02045567936138367,0.7365269461077845,5890.0,25.43432251712077
2024-10-09,115.0,216.0,169.0,6047.0,137.0,0.7824074074074074,0.022655862411112948,1.191304347826087,5910.0,24.480312789788336
2024-10-10,84.0,158.0,193.0,6075.0,159.0,1.2215189873417722,0.02617283950617284,1.8928571428571428,5916.0,23.964259101542687
2024-10-13,130.0,227.0,192.0,5889.0,210.0,0.8458149779735683,0.03565970453387672,1.6153846153846154,5679.0,30.534133905082033
2024-10-14,88.0,214.0,160.0,5935.0,106.0,0.7476635514018691,0.017860151642796966,1.2045454545454546,5829.0,37.04887376991646
2024-10-15,113.0,208.0,159.0,6013.0,107.0,0.7644230769230769,0.017794777981041076,0.9469026548672567,5906.0,36.37961229145192
2024-10-16,174.0,285.0,150.0,6036.0,129.0,0.5263157894736842,0.021371769383697812,0.7413793103448276,5907.0,36.316728403105564
2024-10-17,104.0,230.0,206.0,6076.0,160.0,0.8956521739130435,0.026333113890717578,1.5384615384615385,5916.0,36.34097778908589
2024-10-20,147.0,276.0,214.0,5918.0,195.0,0.7753623188405797,0.03295032105441027,1.3265306122448979,5723.0,40.81549659020359
2024-10-21,108.0,220.0,213.0,5966.0,154.0,0.9681818181818181,0.025812939993295342,1.4259259259259258,5812.0,40.72205439667643
2024-10-22,180.0,280.0,146.0,6043.0,109.0,0.5214285714285715,0.018037398643058082,0.6055555555555555,5934.0,33.88917512239512
2024-10-23,134.0,294.0,186.0,6077.0,138.0,0.6326530612244898,0.022708573309198617,1.0298507462686568,5939.0,31.02533526928594
2024-10-27,202.0,313.0,158.0,5974.0,192.0,0.5047923322683706,0.03213927017073987,0.9504950495049505,5782.0,31.79847255990473
2024-10-28,110.0,272.0,193.0,6008.0,156.0,0.7095588235294118,0.02596537949400799,1.4181818181818182,5852.0,29.859193367731518
2024-10-29,166.0,277.0,229.0,6106.0,126.0,0.8267148014440433,0.020635440550278415,0.7590361445783133,5980.0,32.106222509190985
2024-10-30,136.0,276.0,178.0,6149.0,160.0,0.644927536231884,0.026020491136770206,1.1764705882352942,5989.0,26.723451445182377
2024-10-31,87.0,246.0,173.0,6148.0,177.0,0.7032520325203252,0.028789850357839947,2.0344827586206895,5971.0,28.927660185533213
2024-11-03,84.0,171.0,157.0,5990.0,184.0,0.9181286549707602,0.030717863105175294,2.1904761904761907,5806.0,24.224151663364246
2024-11-04,167.0,209.0,157.0,6007.0,132.0,0.7511961722488039,0.021974363242883304,0.7904191616766467,5875.0,25.291632344845134
2024-11-05,109.0,245.0,159.0,6045.0,126.0,0.6489795918367347,0.020843672456575684,1.1559633027522935,5919.0,24.08220050062992
2024-11-06,156.0,256.0,176.0,6086.0,137.0,0.6875,0.022510680249753532,0.8782051282051282,5949.0,24.565752389787537
2024-11-07,125.0,232.0,192.0,6084.0,177.0,0.8275862068965517,0.029092702169625246,1.416,5907.0,24.217270500127484
2024-11-11,118.0,139.0,168.0,5963.0,145.0,1.20863309352518,0.024316619151433842,1.228813559322034,5818.0,24.481285369307916
2024-11-12,142.0,235.0,139.0,5975.0,138.0,0.5914893617021276,0.02309623430962343,0.971830985915493,5837.0,22.751242770873194
2024-11-13,148.0,245.0,175.0,5966.0,151.0,0.7142857142857143,0.02531009051290647,1.0202702702702702,5815.0,16.79001971127279
2024-11-14,119.0,219.0,210.0,6025.0,172.0,0.958904109589041,0.028547717842323652,1.4453781512605042,5853.0,18.82247896229069
2024-11-17,105.0,210.0,149.0,5816.0,195.0,0.7095238095238096,0.03352819807427786,1.8571428571428572,5621.0,22.261433659393536
2024-11-18,143.0,203.0,163.0,5819.0,138.0,0.8029556650246306,0.023715415019762844,0.965034965034965,5681.0,22.097187927106585
2024-11-19,119.0,209.0,152.0,5844.0,146.0,0.7272727272727273,0.024982888432580425,1.226890756302521,5698.0,21.071307505709164
2024-11-20,155.0,212.0,181.0,5879.0,148.0,0.8537735849056604,0.025174349379146112,0.9548387096774194,5731.0,20.86350196601398
2024-11-21,109.0,214.0,173.0,5850.0,210.0,0.8084112149532711,0.035897435897435895,1.926605504587156,5640.0,27.524015487780357
2024-11-24,191.0,283.0,192.0,5664.0,207.0,0.6784452296819788,0.036546610169491525,1.0837696335078535,5457.0,30.510731913621775
2024-11-25,170.0,297.0,196.0,5715.0,129.0,0.6599326599326599,0.02257217847769029,0.7588235294117647,5586.0,34.92304464990403
2024-11-26,152.0,272.0,214.0,5826.0,112.0,0.7867647058823529,0.01922416752488843,0.7368421052631579,5714.0,38.011902897709774
2024-11-27,239.0,367.0,224.0,5862.0,211.0,0.6103542234332425,0.03599454111224838,0.8828451882845189,5651.0,42.132444234141005
2024-11-28,113.0,280.0,237.0,5963.0,143.0,0.8464285714285714,0.02398121750796579,1.2654867256637168,5820.0,42.385981510065015
2024-12-01,196.0,306.0,187.0,5986.0,149.0,0.6111111111111112,0.02489141329769462,0.7602040816326531,5837.0,42.31795746263834
2024-12-02,236.0,330.0,222.0,6061.0,115.0,0.6727272727272727,0.018973766705164163,0.4872881355932203,5946.0,41.0150959433018
2024-12-03,81.0,230.0,242.0,6192.0,107.0,1.0521739130434782,0.01728036175710594,1.3209876543209877,6085.0,35.874782229306554
2024-12-04,118.0,245.0,160.0,6269.0,115.0,0.6530612244897959,0.01834423353006859,0.9745762711864406,6154.0,36.83748091279005
2024-12-05,218.0,283.0,208.0,6310.0,150.0,0.734982332155477,0.02377179080824089,0.6880733944954128,6160.0,35.48641591209065
2024-12-08,132.0,243.0,183.0,6286.0,172.0,0.7530864197530864,0.02736239261851734,1.303030303030303,6114.0,23.91950787836213
2024-12-09,224.0,315.0,152.0,6268.0,174.0,0.48253968253968255,0.027760051052967454,0.7767857142857143,6094.0,27.986391250717954
2024-12-10,167.0,326.0,213.0,6310.0,149.0,0.6533742331288344,0.023613312202852614,0.8922155688622755,6161.0,27.986391250717954
2024-12-11,209.0,353.0,232.0,6402.0,152.0,0.6572237960339944,0.023742580443611373,0.7272727272727273,6250.0,25.82542121539441
2024-12-12,153.0,253.0,286.0,6481.0,194.0,1.1304347826086956,0.02993365221416448,1.2679738562091503,6287.0,25.093159758524223
2024-12-15,180.0,337.0,219.0,6408.0,224.0,0.6498516320474778,0.03495630461922597,1.2444444444444445,6184.0,27.65174583311492
2024-12-16,133.0,287.0,189.0,6454.0,149.0,0.6585365853658537,0.0230864580105361,1.1203007518796992,6305.0,27.796025752239984
2024-12-17,187.0,310.0,247.0,6506.0,151.0,0.7967741935483871,0.02320934521979711,0.8074866310160428,6355.0,29.079529700791085
2024-12-18,168.0,285.0,210.0,6598.0,134.0,0.7368421052631579,0.020309184601394362,0.7976190476190477,6464.0,32.04015337933912
2024-12-19,269.0,412.0,204.0,6600.0,238.0,0.49514563106796117,0.036060606060606064,0.8847583643122676,6362.0,41.13334876900395
2024-12-22,100.0,255.0,236.0,6595.0,268.0,0.9254901960784314,0.04063684609552692,2.68,6327.0,51.29327441292986
2024-12-23,205.0,294.0,177.0,6548.0,231.0,0.6020408163265306,0.03527794746487477,1.1268292682926828,6317.0,53.16550976499284
2024-12-24,161.0,304.0,211.0,6622.0,155.0,0.694078947368421,0.023406825732407127,0.9627329192546584,6467.0,54.205956446555234
2024-12-25,57.0,162.0,193.0,6689.0,107.0,1.191358024691358,0.015996412019733893,1.8771929824561404,6582.0,61.288544723185
2024-12-26,80.0,122.0,152.0,6707.0,135.0,1.2459016393442623,0.020128224243327865,1.6875,6572.0,62.97467366973535
2024-12-29,107.0,170.0,133.0,6465.0,216.0,0.7823529411764706,0.03341067285382831,2.0186915887850465,6249.0,60.314256389427946
2024-12-30,99.0,156.0,139.0,6454.0,177.0,0.8910256410256411,0.02742485280446235,1.7878787878787878,6277.0,57.02171683206604
2025-01-01,25.0,66.0,94.0,6405.0,144.0,1.4242424242424243,0.022482435597189696,5.76,6261.0,44.519123766675015
2025-01-02,35.0,70.0,53.0,6292.0,170.0,0.7571428571428571,0.0270184361093452,4.857142857142857,6122.0,34.64926303071369
2025-01-05,43.0,73.0,64.0,5882.0,185.0,0.8767123287671232,0.031451887113226794,4.3023255813953485,5697.0,36.08323710533952
2025-01-06,41.0,60.0,71.0,5769.0,190.0,1.1833333333333333,0.03293465071936211,4.634146341463414,5579.0,27.64916256374382
2025-01-07,65.0,83.0,65.0,5703.0,133.0,0.7831325301204819,0.02332105909170612,2.046153846153846,5570.0,28.123875638903744
2025-01-08,38.0,80.0,82.0,5605.0,184.0,1.025,0.03282783229259589,4.842105263157895,5421.0,22.01514630128114
2025-01-09,56.0,82.0,68.0,5507.0,164.0,0.8292682926829268,0.02978027964408934,2.9285714285714284,5343.0,21.774821632863137
2025-01-12,74.0,103.0,80.0,5092.0,235.0,0.7766990291262136,0.04615082482325216,3.175675675675676,4857.0,30.905385568586503
2025-01-13,68.0,107.0,102.0,5019.0,181.0,0.9532710280373832,0.03606296074915322,2.661764705882353,4838.0,30.58166272847557
2025-01-14,92.0,124.0,93.0,4957.0,139.0,0.75,0.0280411539237442,1.5108695652173914,4818.0,34.45493951733188
2025-01-15,113.0,162.0,107.0,4903.0,164.0,0.6604938271604939,0.033448908831327756,1.4513274336283186,4739.0,33.98459034551578
2025-01-16,106.0,196.0,131.0,4881.0,159.0,0.6683673469387755,0.032575291948371235,1.5,4722.0,30.30637211010799
2025-01-19,86.0,152.0,168.0,4628.0,176.0,1.105263157894737,0.03802938634399308,2.046511627906977,4452.0,30.066592756748175
2025-01-20,84.0,118.0,136.0,4638.0,127.0,1.152542372881356,0.02738249245364381,1.5119047619047619,4511.0,34.97005521735571
2025-01-21,59.0,64.0,117.0,4728.0,54.0,1.828125,0.011421319796954314,0.9152542372881356,4674.0,43.63266578848566
2025-01-22,62.0,97.0,52.0,4717.0,83.0,0.5360824742268041,0.017595929616281536,1.3387096774193548,4634.0,45.053407460587216
2025-01-23,91.0,75.0,97.0,4621.0,174.0,1.2933333333333332,0.03765418740532352,1.9120879120879122,4447.0,48.198992283480635
2025-01-26,29.0,51.0,11.0,4241.0,182.0,0.21568627450980393,0.042914406979485974,6.275862068965517,4059.0,50.50035360555292
2025-01-27,33.0,53.0,34.0,4161.0,127.0,0.6415094339622641,0.030521509252583512,3.8484848484848486,4034.0,49.55612498783268
2025-01-28,32.0,49.0,39.0,4096.0,101.0,0.7959183673469388,0.024658203125,3.15625,3995.0,46.430695922091246
2025-01-29,32.0,50.0,39.0,4036.0,99.0,0.78,0.024529236868186324,3.09375,3937.0,47.04405230359133
2025-01-30,47.0,42.0,47.0,3923.0,159.0,1.119047619047619,0.04053020647463676,3.382978723404255,3764.0,39.72584621053437
2025-02-02,20.0,22.0,41.0,3483.0,168.0,1.8636363636363635,0.04823428079242033,8.4,3315.0,34.89849225833296
2025-02-03,23.0,45.0,11.0,3403.0,102.0,0.24444444444444444,0.02997355274757567,4.434782608695652,3301.0,35.289280714311865
2025-02-04,34.0,54.0,29.0,3359.0,74.0,0.5370370370370371,0.022030366180410838,2.176470588235294,3285.0,34.4037650209861
2025-02-05,26.0,36.0,36.0,3290.0,104.0,1.0,0.031610942249240125,4.0,3186.0,34.56257265557078
2025-02-06,25.0,32.0,27.0,3181.0,145.0,0.84375,0.045583149952845015,5.8,3036.0,35.519277126923974
2025-02-09,15.0,13.0,23.0,2878.0,99.0,1.7692307692307692,0.03439888811674774,6.6,2779.0,35.519277126923974
2025-02-10,16.0,18.0,15.0,2834.0,63.0,0.8333333333333334,0.022230063514467185,3.9375,2771.0,37.15475999756122
2025-02-11,11.0,22.0,12.0,2799.0,50.0,0.5454545454545454,0.01786352268667381,4.545454545454546,2749.0,31.6859590355128
2025-02-12,16.0,20.0,20.0,2752.0,66.0,1.0,0.023982558139534885,4.125,2686.0,32.51373336212031
2025-02-13,15.0,10.0,23.0,2703.0,72.0,2.3,0.026637069922308545,4.8,2631.0,32.64382097149851
2025-02-17,8.0,17.0,14.0,2532.0,15.0,0.8235294117647058,0.005924170616113744,1.875,2517.0,40.62605309990619
2025-02-18,18.0,19.0,11.0,2536.0,9.0,0.5789473684210527,0.003548895899053628,0.5,2527.0,31.973203065785157
2025-02-19,12.0,17.0,17.0,2528.0,19.0,1.0,0.007515822784810127,1.5833333333333333,2509.0,26.857649437982467
2025-02-20,13.0,25.0,15.0,2520.0,32.0,0.6,0.012698412698412698,2.4615384615384617,2488.0,25.330200307523764
2025-02-23,7.0,16.0,8.0,2423.0,35.0,0.5,0.014444903012794058,5.0,2388.0,24.730933011499552
2025-02-24,20.0,22.0,14.0,2413.0,24.0,0.6363636363636364,0.009946125155408206,1.2,2389.0,20.87148886925133
2025-02-25,11.0,7.0,7.0,2413.0,23.0,1.0,0.009531703273932863,2.090909090909091,2390.0,9.126100716404206
2025-02-26,12.0,21.0,1.0,2411.0,23.0,0.047619047619047616,0.00953961012028204,1.9166666666666667,2388.0,8.521681032477451
2025-02-27,10.0,15.0,17.0,2391.0,37.0,1.1333333333333333,0.01547469677959013,3.7,2354.0,6.972736021052522
2025-03-02,12.0,24.0,4.0,2297.0,31.0,0.16666666666666666,0.013495864170657379,2.5833333333333335,2266.0,5.908025211946588
2025-03-03,8.0,29.0,18.0,2287.0,25.0,0.6206896551724138,0.010931351114997814,3.125,2262.0,5.9641787843477525
2025-03-04,4.0,25.0,10.0,2272.0,30.0,0.4,0.013204225352112676,7.5,2242.0,5.287001130377853
2025-03-05,5.0,20.0,4.0,2238.0,40.0,0.2,0.017873100983020553,8.0,2198.0,6.743603671363312
2025-03-06,7.0,27.0,6.0,2218.0,33.0,0.2222222222222222,0.014878268710550046,4.714285714285714,2185.0,6.074928962958763
2025-03-09,12.0,25.0,15.0,2137.0,30.0,0.6,0.014038371548900327,2.5,2107.0,4.956957592279891
2025-03-10,6.0,28.0,8.0,2125.0,23.0,0.2857142857142857,0.010823529411764706,3.8333333333333335,2102.0,5.529143565839338
2025-03-11,3.0,11.0,7.0,2116.0,20.0,0.6363636363636364,0.00945179584120983,6.666666666666667,2096.0,6.725927091362961
2025-03-12,6.0,18.0,2.0,2113.0,8.0,0.1111111111111111,0.003786086133459536,1.3333333333333333,2105.0,10.37166469626092
2025-03-13,4.0,20.0,9.0,2116.0,6.0,0.45,0.002835538752362949,1.5,2110.0,12.65475630516431
2025-03-16,1.0,9.0,8.0,2117.0,5.0,0.8888888888888888,0.0023618327822390174,5.0,2112.0,11.625096005758364
2025-03-17,5.0,14.0,0.0,2111.0,8.0,0.0,0.0037896731406916154,1.6,2103.0,9.911513266819526
2025-03-18,19.0,34.0,6.0,2109.0,8.0,0.17647058823529413,0.003793266951161688,0.42105263157894735,2101.0,7.221001117788543
2025-03-19,6.0,22.0,14.0,2119.0,9.0,0.6363636363636364,0.004247286455875413,1.5,2110.0,4.980915960922381
2025-03-20,9.0,20.0,11.0,2124.0,7.0,0.55,0.003295668549905838,0.7777777777777778,2117.0,1.380131118774813
2025-03-23,15.0,29.0,9.0,2136.0,2.0,0.3103448275862069,0.0009363295880149813,0.13333333333333333,2134.0,2.370453040938985
2025-03-24,7.0,13.0,11.0,2139.0,7.0,0.8461538461538461,0.0032725572697522207,1.0,2132.0,2.3704530409389655
2025-03-25,12.0,19.0,7.0,2145.0,6.0,0.3684210526315789,0.002797202797202797,0.5,2139.0,2.288688541139732
2025-03-26,9.0,21.0,15.0,2159.0,2.0,0.7142857142857143,0.0009263547938860583,0.2222222222222222,2157.0,2.794552524067751
2025-03-27,1.0,19.0,13.0,2159.0,2.0,0.6842105263157895,0.0009263547938860583,2.0,2157.0,2.9439202888184397
2025-03-30,9.0,20.0,5.0,2188.0,2.0,0.25,0.0009140767824497258,0.2222222222222222,2186.0,2.516611478473416
2025-03-31,9.0,25.0,8.0,2193.0,5.0,0.32,0.002279981760145919,0.5555555555555556,2188.0,2.2146697056249516
2025-04-01,17.0,36.0,7.0,2191.0,12.0,0.19444444444444445,0.005476951163852123,0.7058823529411765,2179.0,3.670993118549879
2025-04-02,5.0,31.0,16.0,2208.0,3.0,0.5161290322580645,0.001358695652173913,0.6,2205.0,3.6449573777980913
2025-04-03,12.0,26.0,18.0,2223.0,8.0,0.6923076923076923,0.003598740440845704,0.6666666666666666,2215.0,3.8483144115020123
2025-04-06,7.0,14.0,7.0,2234.0,11.0,0.5,0.004923903312444047,1.5714285714285714,2223.0,4.220133150716131
2025-04-07,12.0,22.0,9.0,2237.0,5.0,0.4090909090909091,0.002235136343316942,0.4166666666666667,2232.0,3.866830866824941
2025-04-08,12.0,34.0,12.0,2243.0,9.0,0.35294117647058826,0.004012483281319661,0.75,2234.0,3.3594217189812325
2025-04-09,6.0,19.0,10.0,2251.0,5.0,0.5263157894736842,0.002221235006663705,0.8333333333333334,2246.0,3.3594217189812325
2025-04-10,18.0,25.0,17.0,2265.0,6.0,0.68,0.0026490066225165563,0.3333333333333333,2259.0,2.7516228977964357
2025-04-11,8.0,22.0,8.0,2267.0,9.0,0.36363636363636365,0.003970004411116012,1.125,2258.0,2.2990681342584907
2025-04-13,5.0,26.0,10.0,2283.0,3.0,0.38461538461538464,0.001314060446780552,0.6,2280.0,2.8535691936776533
2025-04-14,5.0,26.0,9.0,2282.0,13.0,0.34615384615384615,0.0056967572304995615,2.6,2269.0,3.3876526499095627
2025-04-15,4.0,19.0,12.0,2286.0,7.0,0.631578947368421,0.0030621172353455816,1.75,2279.0,3.258688021166838
2025-04-16,11.0,30.0,5.0,2291.0,8.0,0.16666666666666666,0.003491924923614142,0.7272727272727273,2283.0,3.1997023671497877
2025-04-17,7.0,26.0,10.0,2288.0,14.0,0.38461538461538464,0.006118881118881119,2.0,2274.0,3.866830866824776
2025-04-20,4.0,15.0,6.0,2305.0,4.0,0.4,0.0017353579175704988,1.0,2301.0,4.151878519217935
2025-04-21,10.0,25.0,5.0,2308.0,6.0,0.2,0.0025996533795493936,0.6,2302.0,4.220133150716001
2025-04-22,7.0,19.0,14.0,2305.0,17.0,0.7368421052631579,0.00737527114967462,2.4285714285714284,2288.0,4.810702354449318
2025-04-23,3.0,23.0,4.0,2300.0,11.0,0.17391304347826086,0.004782608695652174,3.6666666666666665,2289.0,4.64962876144912
2025-04-24,3.0,9.0,7.0,2294.0,13.0,0.7777777777777778,0.005666957279860506,4.333333333333333,2281.0,4.64962876144906
2025-04-27,9.0,40.0,12.0,2301.0,4.0,0.3,0.001738374619730552,0.4444444444444444,2297.0,5.209880722540989
2025-04-28,6.0,26.0,12.0,2307.0,8.0,0.46153846153846156,0.0034677069787602947,1.3333333333333333,2299.0,4.898979485591629
2025-04-29,11.0,25.0,11.0,2304.0,15.0,0.44,0.006510416666666667,1.3636363636363635,2289.0,4.790864322085061
2025-04-30,7.0,34.0,9.0,2309.0,12.0,0.2647058823529412,0.00519705500216544,1.7142857142857142,2297.0,4.353433237414696
2025-05-01,13.0,32.0,14.0,2306.0,16.0,0.4375,0.006938421509106678,1.2307692307692308,2290.0,4.151878519217702
2025-05-04,9.0,31.0,10.0,2335.0,5.0,0.3225806451612903,0.0021413276231263384,0.5555555555555556,2330.0,4.790864322085071
2025-05-05,15.0,44.0,20.0,2331.0,17.0,0.45454545454545453,0.007293007293007293,1.1333333333333333,2314.0,5.35412613475934
2025-05-06,10.0,33.0,16.0,2339.0,16.0,0.48484848484848486,0.006840530141085934,1.6,2323.0,4.608480795049541
2025-05-07,10.0,30.0,15.0,2335.0,10.0,0.5,0.004282655246252677,1.0,2325.0,4.32049379896693
2025-05-08,15.0,24.0,16.0,2361.0,11.0,0.6666666666666666,0.004659042778483694,0.7333333333333333,2350.0,4.276179870627484
2025-05-11,15.0,20.0,12.0,2385.0,3.0,0.6,0.0012578616352201257,0.2,2382.0,5.580578567057664
2025-05-12,7.0,33.0,14.0,2392.0,7.0,0.42424242424242425,0.002926421404682274,1.0,2385.0,5.304984179345325
2025-05-13,18.0,29.0,12.0,2394.0,11.0,0.41379310344827586,0.004594820384294068,0.6111111111111112,2383.0,4.855041562301508
2025-05-14,7.0,30.0,14.0,2394.0,11.0,0.4666666666666667,0.004594820384294068,1.5714285714285714,2383.0,4.01781746015224
2025-05-15,15.0,31.0,14.0,2410.0,14.0,0.45161290322580644,0.005809128630705394,0.9333333333333333,2396.0,3.552329886045897
2025-05-18,13.0,28.0,14.0,2437.0,9.0,0.5,0.0036930652441526466,0.6923076923076923,2428.0,3.55232988604591
2025-05-19,7.0,27.0,17.0,2457.0,6.0,0.6296296296296297,0.002442002442002442,0.8571428571428571,2451.0,3.6839419880986677
2025-05-21,14.0,62.0,13.0,2467.0,18.0,0.20967741935483872,0.007296311309282529,1.2857142857142858,2449.0,4.140393356083881
2025-05-22,18.0,36.0,17.0,2473.0,15.0,0.4722222222222222,0.00606550748079256,0.8333333333333334,2458.0,4.000000000030708
2025-05-27,6.0,24.0,7.0,2504.0,11.0,0.2916666666666667,0.00439297124600639,1.8333333333333333,2493.0,4.000000000030708
2025-05-28,12.0,39.0,12.0,2499.0,14.0,0.3076923076923077,0.0056022408963585435,1.1666666666666667,2485.0,4.035556254837699
2025-05-29,13.0,38.0,15.0,2506.0,11.0,0.39473684210526316,0.004389465283320032,0.8461538461538461,2495.0,4.000000000030708
2025-06-01,8.0,24.0,16.0,2528.0,12.0,0.6666666666666666,0.004746835443037975,1.5,2516.0,3.779644730124734
2025-06-02,10.0,19.0,5.0,2518.0,16.0,0.2631578947368421,0.006354249404289118,1.6,2502.0,2.672612419169978
2025-06-03,5.0,23.0,11.0,2519.0,15.0,0.4782608695652174,0.0059547439460103215,3.0,2504.0,2.0701966780861722
2025-06-04,4.0,16.0,9.0,2516.0,16.0,0.5625,0.006359300476947536,4.0,2500.0,2.225394561111713
2025-06-05,8.0,26.0,5.0,2503.0,21.0,0.19230769230769232,0.008389932081502197,2.625,2482.0,3.2659863237482143
2025-06-08,10.0,16.0,15.0,2507.0,13.0,0.9375,0.005185480654168329,1.3,2494.0,3.338091841621639
2025-06-09,8.0,21.0,14.0,2516.0,9.0,0.6666666666666666,0.003577106518282989,1.125,2507.0,3.7796447301245495
2025-06-10,17.0,28.0,7.0,2511.0,12.0,0.25,0.0047789725209080045,0.7058823529411765,2499.0,3.7796447301245495
2025-06-17,7.0,24.0,10.0,2523.0,14.0,0.4166666666666667,0.005548949663099485,2.0,2509.0,3.728908942975959
2025-06-19,8.0,19.0,7.0,2501.0,18.0,0.3684210526315789,0.007197121151539384,2.25,2483.0,3.9880774697848844
2025-06-22,7.0,13.0,5.0,2508.0,7.0,0.38461538461538464,0.0027910685805422647,1.0,2501.0,4.859943170376827
2025-06-23,3.0,15.0,5.0,2495.0,17.0,0.3333333333333333,0.006813627254509018,5.666666666666667,2478.0,3.9761191895828434
2025-06-24,5.0,20.0,5.0,2489.0,16.0,0.25,0.0064282844515869825,3.2,2473.0,4.151878519217545
2025-06-25,6.0,12.0,2.0,2470.0,24.0,0.16666666666666666,0.009716599190283401,4.0,2446.0,5.28700113037858
2025-06-26,3.0,9.0,7.0,2447.0,35.0,0.7777777777777778,0.014303228442991417,11.666666666666666,2412.0,8.788520651300566
2025-06-29,5.0,17.0,7.0,2413.0,20.0,0.4117647058823529,0.008288437629506838,4.0,2393.0,8.541216596751406
2025-06-30,9.0,22.0,8.0,2407.0,16.0,0.36363636363636365,0.006647278770253427,1.7777777777777777,2391.0,8.635475005561041
2025-07-01,7.0,14.0,6.0,2391.0,22.0,0.42857142857142855,0.009201171058134672,3.142857142857143,2369.0,6.72946612191144
2025-07-02,8.0,20.0,9.0,2373.0,38.0,0.45,0.016013485040033713,4.75,2335.0,8.79122939559376
2025-07-06,4.0,17.0,2.0,2332.0,8.0,0.11764705882352941,0.003430531732418525,2.0,2324.0,10.435744434634273
2025-07-07,3.0,18.0,8.0,2317.0,20.0,0.4444444444444444,0.008631851532153647,6.666666666666667,2297.0,10.499433091283258
2025-07-08,5.0,16.0,8.0,2306.0,20.0,0.5,0.008673026886383347,4.0,2286.0,8.997354108437715
2025-07-09,2.0,18.0,0.0,2281.0,32.0,0.0,0.014028934677772907,16.0,2249.0,9.961831921807063
2025-07-10,2.0,12.0,3.0,2252.0,39.0,0.25,0.017317939609236235,19.5,2213.0,11.252512946861446
2025-07-13,1.0,13.0,4.0,2204.0,10.0,0.3076923076923077,0.004537205081669692,10.0,2194.0,12.707328219434187
2025-07-14,2.0,9.0,1.0,2181.0,26.0,0.1111111111111111,0.01192113709307657,13.0,2155.0,11.201615529754159
2025-07-15,0.0,8.0,5.0,2171.0,17.0,0.625,0.00783049286043298,inf,2154.0,9.727232269216453
2025-07-16,1.0,9.0,0.0,2164.0,11.0,0.0,0.005083179297597043,11.0,2153.0,10.79241356122112
2025-07-17,3.0,16.0,2.0,2153.0,17.0,0.125,0.007895959126799815,5.666666666666667,2136.0,10.950103282846296
2025-07-21,4.0,18.0,7.0,2121.0,16.0,0.3888888888888889,0.007543611504007544,4.0,2105.0,10.080627342546117
2025-07-22,5.0,13.0,3.0,2117.0,16.0,0.23076923076923078,0.007557864903164856,3.2,2101.0,5.209880722540587
2025-07-23,6.0,21.0,5.0,2111.0,14.0,0.23809523809523808,0.006631927996210327,2.3333333333333335,2097.0,4.60848079504925
2025-07-24,6.0,18.0,7.0,2096.0,29.0,0.3888888888888889,0.01383587786259542,4.833333333333333,2067.0,5.639993245542592
2025-07-27,1.0,12.0,2.0,2088.0,4.0,0.16666666666666666,0.0019157088122605363,4.0,2084.0,7.52139804635229
2025-07-28,2.0,9.0,3.0,2080.0,14.0,0.3333333333333333,0.006730769230769231,7.0,2066.0,7.319250547130611
2025-07-29,2.0,8.0,3.0,2072.0,12.0,0.375,0.005791505791505791,6.0,2060.0,7.416198487112089
2025-07-30,4.0,15.0,4.0,2063.0,16.0,0.26666666666666666,0.007755695588948134,4.0,2047.0,7.416198487112089
2025-07-31,2.0,9.0,6.0,2058.0,15.0,0.6666666666666666,0.007288629737609329,7.5,2043.0,7.403345447145334
2025-08-03,5.0,26.0,3.0,2049.0,5.0,0.11538461538461539,0.002440214738897023,1.0,2044.0,8.303757038390847
2025-08-04,5.0,22.0,11.0,2040.0,14.0,0.5,0.006862745098039216,2.8,2026.0,4.894116973737643
2025-08-05,2.0,21.0,10.0,2042.0,14.0,0.47619047619047616,0.0068560235063663075,7.0,2028.0,3.670993118549189
2025-08-06,4.0,17.0,3.0,2036.0,13.0,0.17647058823529413,0.0063850687622789785,3.25,2023.0,3.638419332394268
2025-08-07,4.0,18.0,6.0,2031.0,17.0,0.3333333333333333,0.008370260955194485,4.25,2014.0,3.952094080268367
2025-08-10,0.0,18.0,8.0,2006.0,12.0,0.4444444444444444,0.005982053838484547,inf,1994.0,3.8047589248775666
2025-08-11,6.0,23.0,4.0,1999.0,16.0,0.17391304347826086,0.0080040020010005,2.6666666666666665,1983.0,3.915780041521518
2025-08-12,8.0,38.0,9.0,1999.0,9.0,0.23684210526315788,0.004502251125562781,1.125,1990.0,2.636736800028685
2025-08-13,6.0,22.0,12.0,1997.0,17.0,0.5454545454545454,0.008512769153730596,2.8333333333333335,1980.0,2.943920288817438
2025-08-14,3.0,27.0,4.0,1994.0,11.0,0.14814814814814814,0.005516549648946841,3.6666666666666665,1983.0,3.1547394429057865
2025-08-17,4.0,14.0,2.0,1991.0,3.0,0.14285714285714285,0.0015067805123053742,0.75,1988.0,5.113008619502086
2025-08-18,4.0,20.0,6.0,1985.0,14.0,0.3,0.007052896725440806,3.5,1971.0,4.750939756687547
2025-08-19,5.0,35.0,3.0,1980.0,11.0,0.08571428571428572,0.005555555555555556,2.2,1969.0,4.755948656082556
2025-08-20,10.0,38.0,10.0,1983.0,10.0,0.2631578947368421,0.005042864346949067,1.0,1973.0,4.347960660471563
2025-08-21,6.0,49.0,8.0,1972.0,21.0,0.16326530612244897,0.010649087221095335,3.5,1951.0,5.711308748377461
2025-08-24,4.0,21.0,5.0,1981.0,5.0,0.23809523809523808,0.002523977788995457,1.25,1976.0,5.908025211947586
2025-08-25,8.0,30.0,8.0,1980.0,11.0,0.26666666666666666,0.005555555555555556,1.375,1969.0,5.908025211947586
2025-08-26,10.0,21.0,20.0,1989.0,15.0,0.9523809523809523,0.007541478129713424,1.5,1974.0,4.961758520856584
2025-08-27,5.0,19.0,9.0,1988.0,19.0,0.47368421052631576,0.009557344064386318,3.8,1969.0,5.550632739586419
2025-08-28,8.0,33.0,6.0,1984.0,17.0,0.18181818181818182,0.008568548387096774,2.125,1967.0,5.627314338733082
2025-09-01,10.0,29.0,17.0,2010.0,5.0,0.5862068965517241,0.0024875621890547263,0.5,2005.0,6.4733887497204
2025-09-02,6.0,35.0,9.0,2020.0,9.0,0.2571428571428571,0.004455445544554455,1.5,2011.0,5.623081683498247
2025-09-03,4.0,29.0,11.0,2019.0,10.0,0.3793103448275862,0.004952947003467063,2.5,2009.0,4.923220007103139
2025-09-04,11.0,40.0,2.0,2015.0,14.0,0.05,0.006947890818858561,1.2727272727272727,2001.0,4.923220007103111
2025-09-07,4.0,19.0,9.0,2026.0,7.0,0.47368421052631576,0.0034550839091806516,1.75,2019.0,5.223572942532741
2025-09-08,7.0,25.0,5.0,2025.0,6.0,0.2,0.002962962962962963,0.8571428571428571,2019.0,4.386125310378437
2025-09-09,18.0,42.0,11.0,2023.0,14.0,0.2619047619047619,0.006920415224913495,0.7777777777777778,2009.0,3.63841933239458
2025-09-10,10.0,47.0,14.0,2025.0,18.0,0.2978723404255319,0.008888888888888889,1.8,2007.0,4.336994790147893
2025-09-11,12.0,38.0,29.0,2047.0,6.0,0.7631578947368421,0.0029311187103077674,0.5,2041.0,4.715728494977386
2025-09-14,7.0,39.0,13.0,2083.0,5.0,0.3333333333333333,0.002400384061449832,0.7142857142857143,2078.0,5.196152422730392
2025-09-15,9.0,47.0,10.0,2086.0,10.0,0.2127659574468085,0.004793863854266539,1.1111111111111112,2076.0,4.8941169737377805
2025-09-16,7.0,28.0,17.0,2095.0,12.0,0.6071428571428571,0.005727923627684964,1.7142857142857142,2083.0,4.845223470226869
2025-09-17,7.0,38.0,5.0,2096.0,13.0,0.13157894736842105,0.006202290076335878,1.8571428571428572,2083.0,4.561745697621687
2025-09-18,20.0,52.0,11.0,2096.0,14.0,0.21153846153846154,0.006679389312977099,0.7,2082.0,4.561745697621687
2025-09-21,8.0,35.0,13.0,2134.0,5.0,0.37142857142857144,0.0023430178069353325,0.625,2129.0,3.9036002918258212
2025-09-22,17.0,40.0,14.0,2141.0,10.0,0.35,0.004670714619336758,0.5882352941176471,2131.0,3.6253078687339313
2025-09-23,11.0,36.0,10.0,2145.0,15.0,0.2777777777777778,0.006993006993006993,1.3636363636363635,2130.0,3.3523268394268033
2025-09-24,3.0,38.0,12.0,2138.0,17.0,0.3157894736842105,0.007951356407857811,5.666666666666667,2121.0,3.9036002918255646
2025-09-25,6.0,35.0,12.0,2132.0,18.0,0.34285714285714286,0.008442776735459663,3.0,2114.0,4.450789122140997
2025-09-28,11.0,29.0,12.0,2146.0,9.0,0.41379310344827586,0.004193849021435228,0.8181818181818182,2137.0,4.72077475484263
2025-09-29,8.0,35.0,12.0,2148.0,13.0,0.34285714285714286,0.006052141527001862,1.625,2135.0,4.685336802474957
2025-09-30,8.0,32.0,12.0,2159.0,7.0,0.375,0.003242241778601204,0.875,2152.0,4.191828786063868
2025-10-01,4.0,33.0,12.0,2163.0,14.0,0.36363636363636365,0.006472491909385114,3.5,2149.0,4.029651999657038
2025-10-02,20.0,51.0,15.0,2164.0,16.0,0.29411764705882354,0.0073937153419593345,0.8,2148.0,4.1173269183568095
2025-10-05,8.0,28.0,13.0,2180.0,16.0,0.4642857142857143,0.007339449541284404,2.0,2164.0,3.9880774697849883
2025-10-06,5.0,33.0,15.0,2187.0,10.0,0.45454545454545453,0.004572473708276178,2.0,2177.0,3.53216512587336
2025-10-07,11.0,45.0,4.0,2189.0,10.0,0.08888888888888889,0.0045682960255824575,0.9090909090909091,2179.0,3.401680257119115
2025-10-08,8.0,49.0,15.0,2192.0,17.0,0.30612244897959184,0.007755474452554745,2.125,2175.0,3.84831441150133
2025-10-09,11.0,55.0,13.0,2192.0,12.0,0.23636363636363636,0.005474452554744526,1.0909090909090908,2180.0,2.935821455622287
2025-10-13,8.0,24.0,7.0,2223.0,6.0,0.2916666666666667,0.002699055330634278,0.75,2217.0,4.076646614472847
2025-10-14,7.0,30.0,16.0,2235.0,8.0,0.5333333333333333,0.0035794183445190158,1.1428571428571428,2227.0,4.029651999657204
2025-10-15,8.0,29.0,10.0,2225.0,15.0,0.3448275862068966,0.006741573033707865,1.875,2210.0,3.8483144115014793
2025-10-16,9.0,33.0,15.0,2233.0,9.0,0.45454545454545453,0.004030452306314375,1.0,2224.0,3.9157800415216886
2025-10-19,9.0,34.0,17.0,2237.0,7.0,0.5,0.0031291908806437194,0.7777777777777778,2230.0,4.197504927846324
2025-10-20,10.0,39.0,6.0,2243.0,7.0,0.15384615384615385,0.003120820329915292,0.7,2236.0,3.236694374888982
2025-10-21,13.0,39.0,17.0,2251.0,9.0,0.4358974358974359,0.003998223011994669,0.6923076923076923,2242.0,2.984084768402146
2025-10-22,12.0,42.0,13.0,2261.0,12.0,0.30952380952380953,0.005307386112339673,1.0,2249.0,2.9358214556227415
2025-10-23,4.0,27.0,26.0,2266.0,18.0,0.9629629629629629,0.00794351279788173,4.5,2248.0,4.203173404335459
2025-10-26,4.0,35.0,12.0,2276.0,10.0,0.34285714285714286,0.004393673110720563,2.5,2266.0,3.8172540617144297
2025-10-27,2.0,31.0,8.0,2282.0,11.0,0.25806451612903225,0.004820333041191937,5.5,2271.0,3.779644730124888
2025-10-28,6.0,22.0,11.0,2286.0,6.0,0.5,0.0026246719160104987,1.0,2280.0,3.9520940802686195
2025-10-29,6.0,25.0,4.0,2280.0,17.0,0.16,0.007456140350877193,2.8333333333333335,2263.0,4.2983939415130585
2025-10-30,3.0,17.0,14.0,2287.0,12.0,0.8235294117647058,0.005247048535198951,4.0,2275.0,4.111540089188882
2025-11-02,5.0,21.0,10.0,2277.0,7.0,0.47619047619047616,0.0030742204655248135,1.4,2270.0,4.5773770821974935
2025-11-03,3.0,28.0,5.0,2269.0,12.0,0.17857142857142858,0.005288673424416042,4.0,2257.0,3.6384193323944527
2025-11-04,6.0,33.0,6.0,2270.0,8.0,0.18181818181818182,0.003524229074889868,1.3333333333333333,2262.0,3.7796447301249008
2025-11-05,8.0,41.0,8.0,2272.0,7.0,0.1951219512195122,0.0030809859154929575,0.875,2265.0,3.9761191895830836
2025-11-06,6.0,33.0,9.0,2264.0,19.0,0.2727272727272727,0.008392226148409895,3.1666666666666665,2245.0,4.820590756156451
2025-11-09,11.0,33.0,5.0,2294.0,4.0,0.15151515151515152,0.0017436791630340018,0.36363636363636365,2290.0,4.94734175860507
2025-11-11,11.0,39.0,12.0,2294.0,14.0,0.3076923076923077,0.006102877070619006,1.2727272727272727,2280.0,5.145501965448786
2025-11-12,14.0,48.0,20.0,2302.0,7.0,0.4166666666666667,0.0030408340573414424,0.5,2295.0,5.145501965448786
2025-11-13,6.0,26.0,16.0,2317.0,5.0,0.6153846153846154,0.0021579628830384117,0.8333333333333334,2312.0,5.3984124650775485
2025-11-16,5.0,22.0,3.0,2340.0,5.0,0.13636363636363635,0.002136752136752137,1.0,2335.0,5.6188458398212315
2025-11-17,1.0,35.0,6.0,2343.0,8.0,0.17142857142857143,0.0034144259496372174,8.0,2335.0,5.580578567057795
2025-11-18,2.0,38.0,8.0,2345.0,12.0,0.21052631578947367,0.00511727078891258,6.0,2333.0,3.8047589248780054
2025-11-19,7.0,32.0,3.0,2340.0,10.0,0.09375,0.004273504273504274,1.4285714285714286,2330.0,3.450327796747679
2025-11-20,18.0,57.0,8.0,2340.0,9.0,0.14035087719298245,0.0038461538461538464,0.5,2331.0,2.581988897519688
2025-11-23,3.0,46.0,22.0,2375.0,1.0,0.4782608695652174,0.0004210526315789474,0.3333333333333333,2374.0,3.7161167648195135
2025-11-24,9.0,40.0,9.0,2371.0,13.0,0.225,0.005482918599746942,1.4444444444444444,2358.0,4.151878519217935
2025-11-25,6.0,47.0,14.0,2375.0,11.0,0.2978723404255319,0.0046315789473684215,1.8333333333333333,2364.0,3.9761191895831436
2025-11-27,4.0,24.0,8.0,2389.0,7.0,0.3333333333333333,0.0029300962745918793,1.75,2382.0,4.041451884358013
2025-11-30,4.0,18.0,10.0,2415.0,0.0,0.5555555555555556,0.0,0.0,2415.0,4.9904671028883305
2025-12-01,4.0,26.0,4.0,2410.0,9.0,0.15384615384615385,0.0037344398340248964,2.25,2401.0,4.913538149145276
2025-12-02,7.0,34.0,6.0,2407.0,8.0,0.17647058823529413,0.0033236393851267137,1.1428571428571428,2399.0,4.86483983980106
2025-12-03,4.0,32.0,8.0,2419.0,7.0,0.25,0.0028937577511368336,1.75,2412.0,4.099941927609728
2025-12-04,16.0,39.0,7.0,2418.0,13.0,0.1794871794871795,0.005376344086021506,0.8125,2405.0,4.099941927609728
2025-12-07,4.0,24.0,13.0,2429.0,12.0,0.5416666666666666,0.004940304652120214,3.0,2417.0,4.242640687148544
2025-12-08,9.0,27.0,9.0,2440.0,4.0,0.3333333333333333,0.001639344262295082,0.4444444444444444,2436.0,4.503966505866006
2025-12-09,4.0,30.0,7.0,2443.0,8.0,0.23333333333333334,0.003274662300450266,2.0,2435.0,3.0394235042756104
2025-12-10,10.0,54.0,5.0,2439.0,9.0,0.09259259259259259,0.0036900369003690036,0.9,2430.0,3.0394235042756104
2025-12-11,7.0,47.0,9.0,2437.0,10.0,0.19148936170212766,0.004103405826836274,1.4285714285714286,2427.0,3.055050463344417
2025-12-14,8.0,35.0,4.0,2462.0,8.0,0.11428571428571428,0.003249390739236393,1.0,2454.0,2.9680841985650135
2025-12-15,11.0,42.0,9.0,2470.0,7.0,0.21428571428571427,0.002834008097165992,0.6363636363636364,2463.0,2.497617912800779
2025-12-16,8.0,54.0,15.0,2468.0,9.0,0.2777777777777778,0.003646677471636953,1.125,2459.0,1.9518001459606915
2025-12-17,7.0,31.0,11.0,2481.0,10.0,0.3548387096774194,0.004030632809351068,1.4285714285714286,2471.0,1.1126972806397222
2025-12-18,11.0,50.0,6.0,2472.0,16.0,0.12,0.006472491909385114,1.4545454545454546,2456.0,2.911389784353429
2025-12-21,6.0,18.0,11.0,2484.0,14.0,0.6111111111111112,0.005636070853462158,2.3333333333333335,2470.0,3.2586880211665203
